-- phpMyAdmin SQL Dump
-- version 5.2.1
-- https://www.phpmyadmin.net/
--
-- Gostitelj: 127.0.0.1
-- Čas nastanka: 09. jul 2024 ob 19.27
-- Različica strežnika: 10.4.28-MariaDB
-- Različica PHP: 8.2.4

SET SQL_MODE = "NO_AUTO_VALUE_ON_ZERO";
START TRANSACTION;
SET time_zone = "+00:00";


/*!40101 SET @OLD_CHARACTER_SET_CLIENT=@@CHARACTER_SET_CLIENT */;
/*!40101 SET @OLD_CHARACTER_SET_RESULTS=@@CHARACTER_SET_RESULTS */;
/*!40101 SET @OLD_COLLATION_CONNECTION=@@COLLATION_CONNECTION */;
/*!40101 SET NAMES utf8mb4 */;

--
-- Zbirka podatkov: `quiz`
--

-- --------------------------------------------------------

--
-- Struktura tabele `country`
--

CREATE TABLE `country` (
  `country` varchar(255) NOT NULL,
  `capital_city` varchar(255) NOT NULL,
  `flag` varchar(255) NOT NULL,
  `region` varchar(255) NOT NULL,
  `country_id` int(11) NOT NULL
) ENGINE=InnoDB DEFAULT CHARSET=utf8mb4 COLLATE=utf8mb4_general_ci;

--
-- Odloži podatke za tabelo `country`
--

INSERT INTO `country` (`country`, `capital_city`, `flag`, `region`, `country_id`) VALUES
('Afghanistan', 'Kabul', 'https://upload.wikimedia.org/wikipedia/commons/thumb/5/5c/Flag_of_the_Taliban.svg/320px-Flag_of_the_Taliban.svg.png', 'Asia', 1),
('Åland Islands', 'Mariehamn', 'https://flagcdn.com/w320/ax.png', 'Europe', 2),
('Albania', 'Tirana', 'https://flagcdn.com/w320/al.png', 'Europe', 3),
('Algeria', 'Algiers', 'https://flagcdn.com/w320/dz.png', 'Africa', 4),
('American Samoa', 'Pago Pago', 'https://flagcdn.com/w320/as.png', 'Oceania', 5),
('Andorra', 'Andorra la Vella', 'https://flagcdn.com/w320/ad.png', 'Europe', 6),
('Angola', 'Luanda', 'https://flagcdn.com/w320/ao.png', 'Africa', 7),
('Anguilla', 'The Valley', 'https://flagcdn.com/w320/ai.png', 'Americas', 8),
('Antigua and Barbuda', 'Saint John\'s', 'https://flagcdn.com/w320/ag.png', 'Americas', 9),
('Argentina', 'Buenos Aires', 'https://flagcdn.com/w320/ar.png', 'Americas', 10),
('Armenia', 'Yerevan', 'https://flagcdn.com/w320/am.png', 'Asia', 11),
('Aruba', 'Oranjestad', 'https://flagcdn.com/w320/aw.png', 'Americas', 12),
('Australia', 'Canberra', 'https://flagcdn.com/w320/au.png', 'Oceania', 13),
('Austria', 'Vienna', 'https://flagcdn.com/w320/at.png', 'Europe', 14),
('Azerbaijan', 'Baku', 'https://flagcdn.com/w320/az.png', 'Asia', 15),
('Bahamas', 'Nassau', 'https://flagcdn.com/w320/bs.png', 'Americas', 16),
('Bahrain', 'Manama', 'https://flagcdn.com/w320/bh.png', 'Asia', 17),
('Bangladesh', 'Dhaka', 'https://flagcdn.com/w320/bd.png', 'Asia', 18),
('Barbados', 'Bridgetown', 'https://flagcdn.com/w320/bb.png', 'Americas', 19),
('Belarus', 'Minsk', 'https://flagcdn.com/w320/by.png', 'Europe', 20),
('Belgium', 'Brussels', 'https://flagcdn.com/w320/be.png', 'Europe', 21),
('Belize', 'Belmopan', 'https://flagcdn.com/w320/bz.png', 'Americas', 22),
('Benin', 'Porto-Novo', 'https://flagcdn.com/w320/bj.png', 'Africa', 23),
('Bermuda', 'Hamilton', 'https://flagcdn.com/w320/bm.png', 'Americas', 24),
('Bhutan', 'Thimphu', 'https://flagcdn.com/w320/bt.png', 'Asia', 25),
('Bolivia (Plurinational State of)', 'Sucre', 'https://flagcdn.com/w320/bo.png', 'Americas', 26),
('Bonaire, Sint Eustatius and Saba', 'Kralendijk', 'https://flagcdn.com/w320/bq.png', 'Americas', 27),
('Bosnia and Herzegovina', 'Sarajevo', 'https://flagcdn.com/w320/ba.png', 'Europe', 28),
('Botswana', 'Gaborone', 'https://flagcdn.com/w320/bw.png', 'Africa', 29),
('Brazil', 'Brasília', 'https://flagcdn.com/w320/br.png', 'Americas', 30),
('British Indian Ocean Territory', 'Diego Garcia', 'https://flagcdn.com/w320/io.png', 'Africa', 31),
('Virgin Islands (British)', 'Road Town', 'https://flagcdn.com/w320/vg.png', 'Americas', 32),
('Virgin Islands (U.S.)', 'Charlotte Amalie', 'https://flagcdn.com/w320/vi.png', 'Americas', 33),
('Brunei Darussalam', 'Bandar Seri Begawan', 'https://flagcdn.com/w320/bn.png', 'Asia', 34),
('Bulgaria', 'Sofia', 'https://flagcdn.com/w320/bg.png', 'Europe', 35),
('Burkina Faso', 'Ouagadougou', 'https://flagcdn.com/w320/bf.png', 'Africa', 36),
('Burundi', 'Gitega', 'https://flagcdn.com/w320/bi.png', 'Africa', 37),
('Cambodia', 'Phnom Penh', 'https://flagcdn.com/w320/kh.png', 'Asia', 38),
('Cameroon', 'Yaoundé', 'https://flagcdn.com/w320/cm.png', 'Africa', 39),
('Canada', 'Ottawa', 'https://flagcdn.com/w320/ca.png', 'Americas', 40),
('Cabo Verde', 'Praia', 'https://flagcdn.com/w320/cv.png', 'Africa', 41),
('Cayman Islands', 'George Town', 'https://flagcdn.com/w320/ky.png', 'Americas', 42),
('Central African Republic', 'Bangui', 'https://flagcdn.com/w320/cf.png', 'Africa', 43),
('Chad', 'N\'Djamena', 'https://flagcdn.com/w320/td.png', 'Africa', 44),
('Chile', 'Santiago', 'https://flagcdn.com/w320/cl.png', 'Americas', 45),
('China', 'Beijing', 'https://flagcdn.com/w320/cn.png', 'Asia', 46),
('Christmas Island', 'Flying Fish Cove', 'https://flagcdn.com/w320/cx.png', 'Oceania', 47),
('Cocos (Keeling) Islands', 'West Island', 'https://flagcdn.com/w320/cc.png', 'Oceania', 48),
('Colombia', 'Bogotá', 'https://flagcdn.com/w320/co.png', 'Americas', 49),
('Comoros', 'Moroni', 'https://flagcdn.com/w320/km.png', 'Africa', 50),
('Congo', 'Brazzaville', 'https://flagcdn.com/w320/cg.png', 'Africa', 51),
('Congo (Democratic Republic of the)', 'Kinshasa', 'https://flagcdn.com/w320/cd.png', 'Africa', 52),
('Cook Islands', 'Avarua', 'https://flagcdn.com/w320/ck.png', 'Oceania', 53),
('Costa Rica', 'San José', 'https://flagcdn.com/w320/cr.png', 'Americas', 54),
('Croatia', 'Zagreb', 'https://flagcdn.com/w320/hr.png', 'Europe', 55),
('Cuba', 'Havana', 'https://flagcdn.com/w320/cu.png', 'Americas', 56),
('Curaçao', 'Willemstad', 'https://flagcdn.com/w320/cw.png', 'Americas', 57),
('Cyprus', 'Nicosia', 'https://flagcdn.com/w320/cy.png', 'Europe', 58),
('Czech Republic', 'Prague', 'https://flagcdn.com/w320/cz.png', 'Europe', 59),
('Denmark', 'Copenhagen', 'https://flagcdn.com/w320/dk.png', 'Europe', 60),
('Djibouti', 'Djibouti', 'https://flagcdn.com/w320/dj.png', 'Africa', 61),
('Dominica', 'Roseau', 'https://flagcdn.com/w320/dm.png', 'Americas', 62),
('Dominican Republic', 'Santo Domingo', 'https://flagcdn.com/w320/do.png', 'Americas', 63),
('Ecuador', 'Quito', 'https://flagcdn.com/w320/ec.png', 'Americas', 64),
('Egypt', 'Cairo', 'https://flagcdn.com/w320/eg.png', 'Africa', 65),
('El Salvador', 'San Salvador', 'https://flagcdn.com/w320/sv.png', 'Americas', 66),
('Equatorial Guinea', 'Malabo', 'https://flagcdn.com/w320/gq.png', 'Africa', 67),
('Eritrea', 'Asmara', 'https://flagcdn.com/w320/er.png', 'Africa', 68),
('Estonia', 'Tallinn', 'https://flagcdn.com/w320/ee.png', 'Europe', 69),
('Ethiopia', 'Addis Ababa', 'https://flagcdn.com/w320/et.png', 'Africa', 70),
('Falkland Islands (Malvinas)', 'Stanley', 'https://flagcdn.com/w320/fk.png', 'Americas', 71),
('Faroe Islands', 'Tórshavn', 'https://flagcdn.com/w320/fo.png', 'Europe', 72),
('Fiji', 'Suva', 'https://flagcdn.com/w320/fj.png', 'Oceania', 73),
('Finland', 'Helsinki', 'https://flagcdn.com/w320/fi.png', 'Europe', 74),
('France', 'Paris', 'https://flagcdn.com/w320/fr.png', 'Europe', 75),
('French Guiana', 'Cayenne', 'https://flagcdn.com/w320/gf.png', 'Americas', 76),
('French Polynesia', 'Papeetē', 'https://flagcdn.com/w320/pf.png', 'Oceania', 77),
('French Southern Territories', 'Port-aux-Français', 'https://flagcdn.com/w320/tf.png', 'Africa', 78),
('Gabon', 'Libreville', 'https://flagcdn.com/w320/ga.png', 'Africa', 79),
('Gambia', 'Banjul', 'https://flagcdn.com/w320/gm.png', 'Africa', 80),
('Georgia', 'Tbilisi', 'https://flagcdn.com/w320/ge.png', 'Asia', 81),
('Germany', 'Berlin', 'https://flagcdn.com/w320/de.png', 'Europe', 82),
('Ghana', 'Accra', 'https://flagcdn.com/w320/gh.png', 'Africa', 83),
('Gibraltar', 'Gibraltar', 'https://flagcdn.com/w320/gi.png', 'Europe', 84),
('Greece', 'Athens', 'https://flagcdn.com/w320/gr.png', 'Europe', 85),
('Greenland', 'Nuuk', 'https://flagcdn.com/w320/gl.png', 'Americas', 86),
('Grenada', 'St. George\'s', 'https://flagcdn.com/w320/gd.png', 'Americas', 87),
('Guadeloupe', 'Basse-Terre', 'https://flagcdn.com/w320/gp.png', 'Americas', 88),
('Guam', 'Hagåtña', 'https://flagcdn.com/w320/gu.png', 'Oceania', 89),
('Guatemala', 'Guatemala City', 'https://flagcdn.com/w320/gt.png', 'Americas', 90),
('Guernsey', 'St. Peter Port', 'https://flagcdn.com/w320/gg.png', 'Europe', 91),
('Guinea', 'Conakry', 'https://flagcdn.com/w320/gn.png', 'Africa', 92),
('Guinea-Bissau', 'Bissau', 'https://flagcdn.com/w320/gw.png', 'Africa', 93),
('Guyana', 'Georgetown', 'https://flagcdn.com/w320/gy.png', 'Americas', 94),
('Haiti', 'Port-au-Prince', 'https://flagcdn.com/w320/ht.png', 'Americas', 95),
('Vatican City', 'Vatican City', 'https://flagcdn.com/w320/va.png', 'Europe', 96),
('Honduras', 'Tegucigalpa', 'https://flagcdn.com/w320/hn.png', 'Americas', 97),
('Hungary', 'Budapest', 'https://flagcdn.com/w320/hu.png', 'Europe', 98),
('Hong Kong', 'City of Victoria', 'https://flagcdn.com/w320/hk.png', 'Asia', 99),
('Iceland', 'Reykjavík', 'https://flagcdn.com/w320/is.png', 'Europe', 100),
('India', 'New Delhi', 'https://flagcdn.com/w320/in.png', 'Asia', 101),
('Indonesia', 'Jakarta', 'https://flagcdn.com/w320/id.png', 'Asia', 102),
('Ivory Coast', 'Yamoussoukro', 'https://flagcdn.com/w320/ci.png', 'Africa', 103),
('Iran (Islamic Republic of)', 'Tehran', 'https://flagcdn.com/w320/ir.png', 'Asia', 104),
('Iraq', 'Baghdad', 'https://flagcdn.com/w320/iq.png', 'Asia', 105),
('Ireland', 'Dublin', 'https://flagcdn.com/w320/ie.png', 'Europe', 106),
('Isle of Man', 'Douglas', 'https://flagcdn.com/w320/im.png', 'Europe', 107),
('Israel', 'Jerusalem', 'https://flagcdn.com/w320/il.png', 'Asia', 108),
('Italy', 'Rome', 'https://flagcdn.com/w320/it.png', 'Europe', 109),
('Jamaica', 'Kingston', 'https://flagcdn.com/w320/jm.png', 'Americas', 110),
('Japan', 'Tokyo', 'https://flagcdn.com/w320/jp.png', 'Asia', 111),
('Jersey', 'Saint Helier', 'https://flagcdn.com/w320/je.png', 'Europe', 112),
('Jordan', 'Amman', 'https://flagcdn.com/w320/jo.png', 'Asia', 113),
('Kazakhstan', 'Nur-Sultan', 'https://flagcdn.com/w320/kz.png', 'Asia', 114),
('Kenya', 'Nairobi', 'https://flagcdn.com/w320/ke.png', 'Africa', 115),
('Kiribati', 'South Tarawa', 'https://flagcdn.com/w320/ki.png', 'Oceania', 116),
('Kuwait', 'Kuwait City', 'https://flagcdn.com/w320/kw.png', 'Asia', 117),
('Kyrgyzstan', 'Bishkek', 'https://flagcdn.com/w320/kg.png', 'Asia', 118),
('Lao People\'s Democratic Republic', 'Vientiane', 'https://flagcdn.com/w320/la.png', 'Asia', 119),
('Latvia', 'Riga', 'https://flagcdn.com/w320/lv.png', 'Europe', 120),
('Lebanon', 'Beirut', 'https://flagcdn.com/w320/lb.png', 'Asia', 121),
('Lesotho', 'Maseru', 'https://flagcdn.com/w320/ls.png', 'Africa', 122),
('Liberia', 'Monrovia', 'https://flagcdn.com/w320/lr.png', 'Africa', 123),
('Libya', 'Tripoli', 'https://flagcdn.com/w320/ly.png', 'Africa', 124),
('Liechtenstein', 'Vaduz', 'https://flagcdn.com/w320/li.png', 'Europe', 125),
('Lithuania', 'Vilnius', 'https://flagcdn.com/w320/lt.png', 'Europe', 126),
('Luxembourg', 'Luxembourg', 'https://flagcdn.com/w320/lu.png', 'Europe', 127),
('North Macedonia', 'Skopje', 'https://flagcdn.com/w320/mk.png', 'Europe', 128),
('Madagascar', 'Antananarivo', 'https://flagcdn.com/w320/mg.png', 'Africa', 129),
('Malawi', 'Lilongwe', 'https://flagcdn.com/w320/mw.png', 'Africa', 130),
('Malaysia', 'Kuala Lumpur', 'https://flagcdn.com/w320/my.png', 'Asia', 131),
('Maldives', 'Malé', 'https://flagcdn.com/w320/mv.png', 'Asia', 132),
('Mali', 'Bamako', 'https://flagcdn.com/w320/ml.png', 'Africa', 133),
('Malta', 'Valletta', 'https://flagcdn.com/w320/mt.png', 'Europe', 134),
('Marshall Islands', 'Majuro', 'https://flagcdn.com/w320/mh.png', 'Oceania', 135),
('Martinique', 'Fort-de-France', 'https://flagcdn.com/w320/mq.png', 'Americas', 136),
('Mauritania', 'Nouakchott', 'https://flagcdn.com/w320/mr.png', 'Africa', 137),
('Mauritius', 'Port Louis', 'https://flagcdn.com/w320/mu.png', 'Africa', 138),
('Mayotte', 'Mamoudzou', 'https://flagcdn.com/w320/yt.png', 'Africa', 139),
('Mexico', 'Mexico City', 'https://flagcdn.com/w320/mx.png', 'Americas', 140),
('Micronesia (Federated States of)', 'Palikir', 'https://flagcdn.com/w320/fm.png', 'Oceania', 141),
('Moldova (Republic of)', 'Chișinău', 'https://flagcdn.com/w320/md.png', 'Europe', 142),
('Monaco', 'Monaco', 'https://flagcdn.com/w320/mc.png', 'Europe', 143),
('Mongolia', 'Ulan Bator', 'https://flagcdn.com/w320/mn.png', 'Asia', 144),
('Montenegro', 'Podgorica', 'https://flagcdn.com/w320/me.png', 'Europe', 145),
('Montserrat', 'Plymouth', 'https://flagcdn.com/w320/ms.png', 'Americas', 146),
('Morocco', 'Rabat', 'https://flagcdn.com/w320/ma.png', 'Africa', 147),
('Mozambique', 'Maputo', 'https://flagcdn.com/w320/mz.png', 'Africa', 148),
('Myanmar', 'Naypyidaw', 'https://flagcdn.com/w320/mm.png', 'Asia', 149),
('Namibia', 'Windhoek', 'https://flagcdn.com/w320/na.png', 'Africa', 150),
('Nauru', 'Yaren', 'https://flagcdn.com/w320/nr.png', 'Oceania', 151),
('Nepal', 'Kathmandu', 'https://flagcdn.com/w320/np.png', 'Asia', 152),
('Netherlands', 'Amsterdam', 'https://flagcdn.com/w320/nl.png', 'Europe', 153),
('New Caledonia', 'Nouméa', 'https://flagcdn.com/w320/nc.png', 'Oceania', 154),
('New Zealand', 'Wellington', 'https://flagcdn.com/w320/nz.png', 'Oceania', 155),
('Nicaragua', 'Managua', 'https://flagcdn.com/w320/ni.png', 'Americas', 156),
('Niger', 'Niamey', 'https://flagcdn.com/w320/ne.png', 'Africa', 157),
('Nigeria', 'Abuja', 'https://flagcdn.com/w320/ng.png', 'Africa', 158),
('Niue', 'Alofi', 'https://flagcdn.com/w320/nu.png', 'Oceania', 159),
('Norfolk Island', 'Kingston', 'https://flagcdn.com/w320/nf.png', 'Oceania', 160),
('Korea (Democratic People\'s Republic of)', 'Pyongyang', 'https://flagcdn.com/w320/kp.png', 'Asia', 161),
('Northern Mariana Islands', 'Saipan', 'https://flagcdn.com/w320/mp.png', 'Oceania', 162),
('Norway', 'Oslo', 'https://flagcdn.com/w320/no.png', 'Europe', 163),
('Oman', 'Muscat', 'https://flagcdn.com/w320/om.png', 'Asia', 164),
('Pakistan', 'Islamabad', 'https://flagcdn.com/w320/pk.png', 'Asia', 165),
('Palau', 'Ngerulmud', 'https://flagcdn.com/w320/pw.png', 'Oceania', 166),
('Palestine, State of', 'Ramallah', 'https://flagcdn.com/w320/ps.png', 'Asia', 167),
('Panama', 'Panama City', 'https://flagcdn.com/w320/pa.png', 'Americas', 168),
('Papua New Guinea', 'Port Moresby', 'https://flagcdn.com/w320/pg.png', 'Oceania', 169),
('Paraguay', 'Asunción', 'https://flagcdn.com/w320/py.png', 'Americas', 170),
('Peru', 'Lima', 'https://flagcdn.com/w320/pe.png', 'Americas', 171),
('Philippines', 'Manila', 'https://flagcdn.com/w320/ph.png', 'Asia', 172),
('Pitcairn', 'Adamstown', 'https://flagcdn.com/w320/pn.png', 'Oceania', 173),
('Poland', 'Warsaw', 'https://flagcdn.com/w320/pl.png', 'Europe', 174),
('Portugal', 'Lisbon', 'https://flagcdn.com/w320/pt.png', 'Europe', 175),
('Puerto Rico', 'San Juan', 'https://flagcdn.com/w320/pr.png', 'Americas', 176),
('Qatar', 'Doha', 'https://flagcdn.com/w320/qa.png', 'Asia', 177),
('Republic of Kosovo', 'Pristina', 'https://flagcdn.com/w320/xk.png', 'Europe', 178),
('Réunion', 'Saint-Denis', 'https://flagcdn.com/w320/re.png', 'Africa', 179),
('Romania', 'Bucharest', 'https://flagcdn.com/w320/ro.png', 'Europe', 180),
('Russian Federation', 'Moscow', 'https://flagcdn.com/w320/ru.png', 'Europe', 181),
('Rwanda', 'Kigali', 'https://flagcdn.com/w320/rw.png', 'Africa', 182),
('Saint Barthélemy', 'Gustavia', 'https://flagcdn.com/w320/bl.png', 'Americas', 183),
('Saint Helena, Ascension and Tristan da Cunha', 'Jamestown', 'https://flagcdn.com/w320/sh.png', 'Africa', 184),
('Saint Kitts and Nevis', 'Basseterre', 'https://flagcdn.com/w320/kn.png', 'Americas', 185),
('Saint Lucia', 'Castries', 'https://flagcdn.com/w320/lc.png', 'Americas', 186),
('Saint Martin (French part)', 'Marigot', 'https://flagcdn.com/w320/mf.png', 'Americas', 187),
('Saint Pierre and Miquelon', 'Saint-Pierre', 'https://flagcdn.com/w320/pm.png', 'Americas', 188),
('Saint Vincent and the Grenadines', 'Kingstown', 'https://flagcdn.com/w320/vc.png', 'Americas', 189),
('Samoa', 'Apia', 'https://flagcdn.com/w320/ws.png', 'Oceania', 190),
('San Marino', 'City of San Marino', 'https://flagcdn.com/w320/sm.png', 'Europe', 191),
('Sao Tome and Principe', 'São Tomé', 'https://flagcdn.com/w320/st.png', 'Africa', 192),
('Saudi Arabia', 'Riyadh', 'https://flagcdn.com/w320/sa.png', 'Asia', 193),
('Senegal', 'Dakar', 'https://flagcdn.com/w320/sn.png', 'Africa', 194),
('Serbia', 'Belgrade', 'https://flagcdn.com/w320/rs.png', 'Europe', 195),
('Seychelles', 'Victoria', 'https://flagcdn.com/w320/sc.png', 'Africa', 196),
('Sierra Leone', 'Freetown', 'https://flagcdn.com/w320/sl.png', 'Africa', 197),
('Singapore', 'Singapore', 'https://flagcdn.com/w320/sg.png', 'Asia', 198),
('Sint Maarten (Dutch part)', 'Philipsburg', 'https://flagcdn.com/w320/sx.png', 'Americas', 199),
('Slovakia', 'Bratislava', 'https://flagcdn.com/w320/sk.png', 'Europe', 200),
('Slovenia', 'Ljubljana', 'https://flagcdn.com/w320/si.png', 'Europe', 201),
('Solomon Islands', 'Honiara', 'https://flagcdn.com/w320/sb.png', 'Oceania', 202),
('Somalia', 'Mogadishu', 'https://flagcdn.com/w320/so.png', 'Africa', 203),
('South Africa', 'Pretoria', 'https://flagcdn.com/w320/za.png', 'Africa', 204),
('South Georgia and the South Sandwich Islands', 'King Edward Point', 'https://flagcdn.com/w320/gs.png', 'Americas', 205),
('Korea (Republic of)', 'Seoul', 'https://flagcdn.com/w320/kr.png', 'Asia', 206),
('Spain', 'Madrid', 'https://flagcdn.com/w320/es.png', 'Europe', 207),
('Sri Lanka', 'Sri Jayawardenepura Kotte', 'https://flagcdn.com/w320/lk.png', 'Asia', 208),
('Sudan', 'Khartoum', 'https://flagcdn.com/w320/sd.png', 'Africa', 209),
('South Sudan', 'Juba', 'https://flagcdn.com/w320/ss.png', 'Africa', 210),
('Suriname', 'Paramaribo', 'https://flagcdn.com/w320/sr.png', 'Americas', 211),
('Svalbard and Jan Mayen', 'Longyearbyen', 'https://flagcdn.com/w320/sj.png', 'Europe', 212),
('Swaziland', 'Mbabane', 'https://flagcdn.com/w320/sz.png', 'Africa', 213),
('Sweden', 'Stockholm', 'https://flagcdn.com/w320/se.png', 'Europe', 214),
('Switzerland', 'Bern', 'https://flagcdn.com/w320/ch.png', 'Europe', 215),
('Syrian Arab Republic', 'Damascus', 'https://flagcdn.com/w320/sy.png', 'Asia', 216),
('Taiwan', 'Taipei', 'https://flagcdn.com/w320/tw.png', 'Asia', 217),
('Tajikistan', 'Dushanbe', 'https://flagcdn.com/w320/tj.png', 'Asia', 218),
('Tanzania, United Republic of', 'Dodoma', 'https://flagcdn.com/w320/tz.png', 'Africa', 219),
('Thailand', 'Bangkok', 'https://flagcdn.com/w320/th.png', 'Asia', 220),
('Timor-Leste', 'Dili', 'https://flagcdn.com/w320/tl.png', 'Asia', 221),
('Togo', 'Lomé', 'https://flagcdn.com/w320/tg.png', 'Africa', 222),
('Tokelau', 'Fakaofo', 'https://flagcdn.com/w320/tk.png', 'Oceania', 223),
('Tonga', 'Nuku\'alofa', 'https://flagcdn.com/w320/to.png', 'Oceania', 224),
('Trinidad and Tobago', 'Port of Spain', 'https://flagcdn.com/w320/tt.png', 'Americas', 225),
('Tunisia', 'Tunis', 'https://flagcdn.com/w320/tn.png', 'Africa', 226),
('Turkey', 'Ankara', 'https://flagcdn.com/w320/tr.png', 'Asia', 227),
('Turkmenistan', 'Ashgabat', 'https://flagcdn.com/w320/tm.png', 'Asia', 228),
('Turks and Caicos Islands', 'Cockburn Town', 'https://flagcdn.com/w320/tc.png', 'Americas', 229),
('Tuvalu', 'Funafuti', 'https://flagcdn.com/w320/tv.png', 'Oceania', 230),
('Uganda', 'Kampala', 'https://flagcdn.com/w320/ug.png', 'Africa', 231),
('Ukraine', 'Kyiv', 'https://flagcdn.com/w320/ua.png', 'Europe', 232),
('United Arab Emirates', 'Abu Dhabi', 'https://flagcdn.com/w320/ae.png', 'Asia', 233),
('United Kingdom of Great Britain and Northern Ireland', 'London', 'https://flagcdn.com/w320/gb.png', 'Europe', 234),
('United States of America', 'Washington, D.C.', 'https://flagcdn.com/w320/us.png', 'Americas', 235),
('Uruguay', 'Montevideo', 'https://flagcdn.com/w320/uy.png', 'Americas', 236),
('Uzbekistan', 'Tashkent', 'https://flagcdn.com/w320/uz.png', 'Asia', 237),
('Vanuatu', 'Port Vila', 'https://flagcdn.com/w320/vu.png', 'Oceania', 238),
('Venezuela (Bolivarian Republic of)', 'Caracas', 'https://flagcdn.com/w320/ve.png', 'Americas', 239),
('Vietnam', 'Hanoi', 'https://flagcdn.com/w320/vn.png', 'Asia', 240),
('Wallis and Futuna', 'Mata-Utu', 'https://flagcdn.com/w320/wf.png', 'Oceania', 241),
('Western Sahara', 'El Aaiún', 'https://flagcdn.com/w320/eh.png', 'Africa', 242),
('Yemen', 'Sana\'a', 'https://flagcdn.com/w320/ye.png', 'Asia', 243),
('Zambia', 'Lusaka', 'https://flagcdn.com/w320/zm.png', 'Africa', 244),
('Zimbabwe', 'Harare', 'https://flagcdn.com/w320/zw.png', 'Africa', 245);

-- --------------------------------------------------------

--
-- Struktura tabele `country_backup`
--

CREATE TABLE `country_backup` (
  `country_id` int(11) NOT NULL DEFAULT 0,
  `country` varchar(255) NOT NULL,
  `capital_city` varchar(255) NOT NULL,
  `flag` varchar(255) NOT NULL,
  `region` varchar(255) NOT NULL
) ENGINE=InnoDB DEFAULT CHARSET=utf8mb4 COLLATE=utf8mb4_general_ci;

--
-- Odloži podatke za tabelo `country_backup`
--

INSERT INTO `country_backup` (`country_id`, `country`, `capital_city`, `flag`, `region`) VALUES
(1, 'Afghanistan', 'Kabul', 'https://upload.wikimedia.org/wikipedia/commons/thumb/5/5c/Flag_of_the_Taliban.svg/320px-Flag_of_the_Taliban.svg.png', 'Asia'),
(2, 'Åland Islands', 'Mariehamn', 'https://flagcdn.com/w320/ax.png', 'Europe'),
(3, 'Albania', 'Tirana', 'https://flagcdn.com/w320/al.png', 'Europe'),
(4, 'Algeria', 'Algiers', 'https://flagcdn.com/w320/dz.png', 'Africa'),
(5, 'American Samoa', 'Pago Pago', 'https://flagcdn.com/w320/as.png', 'Oceania'),
(6, 'Andorra', 'Andorra la Vella', 'https://flagcdn.com/w320/ad.png', 'Europe'),
(7, 'Angola', 'Luanda', 'https://flagcdn.com/w320/ao.png', 'Africa'),
(8, 'Anguilla', 'The Valley', 'https://flagcdn.com/w320/ai.png', 'Americas'),
(10, 'Antigua and Barbuda', 'Saint John\'s', 'https://flagcdn.com/w320/ag.png', 'Americas'),
(11, 'Argentina', 'Buenos Aires', 'https://flagcdn.com/w320/ar.png', 'Americas'),
(12, 'Armenia', 'Yerevan', 'https://flagcdn.com/w320/am.png', 'Asia'),
(13, 'Aruba', 'Oranjestad', 'https://flagcdn.com/w320/aw.png', 'Americas'),
(14, 'Australia', 'Canberra', 'https://flagcdn.com/w320/au.png', 'Oceania'),
(15, 'Austria', 'Vienna', 'https://flagcdn.com/w320/at.png', 'Europe'),
(16, 'Azerbaijan', 'Baku', 'https://flagcdn.com/w320/az.png', 'Asia'),
(17, 'Bahamas', 'Nassau', 'https://flagcdn.com/w320/bs.png', 'Americas'),
(18, 'Bahrain', 'Manama', 'https://flagcdn.com/w320/bh.png', 'Asia'),
(19, 'Bangladesh', 'Dhaka', 'https://flagcdn.com/w320/bd.png', 'Asia'),
(20, 'Barbados', 'Bridgetown', 'https://flagcdn.com/w320/bb.png', 'Americas'),
(21, 'Belarus', 'Minsk', 'https://flagcdn.com/w320/by.png', 'Europe'),
(22, 'Belgium', 'Brussels', 'https://flagcdn.com/w320/be.png', 'Europe'),
(23, 'Belize', 'Belmopan', 'https://flagcdn.com/w320/bz.png', 'Americas'),
(24, 'Benin', 'Porto-Novo', 'https://flagcdn.com/w320/bj.png', 'Africa'),
(25, 'Bermuda', 'Hamilton', 'https://flagcdn.com/w320/bm.png', 'Americas'),
(26, 'Bhutan', 'Thimphu', 'https://flagcdn.com/w320/bt.png', 'Asia'),
(27, 'Bolivia (Plurinational State of)', 'Sucre', 'https://flagcdn.com/w320/bo.png', 'Americas'),
(28, 'Bonaire, Sint Eustatius and Saba', 'Kralendijk', 'https://flagcdn.com/w320/bq.png', 'Americas'),
(29, 'Bosnia and Herzegovina', 'Sarajevo', 'https://flagcdn.com/w320/ba.png', 'Europe'),
(30, 'Botswana', 'Gaborone', 'https://flagcdn.com/w320/bw.png', 'Africa'),
(32, 'Brazil', 'Brasília', 'https://flagcdn.com/w320/br.png', 'Americas'),
(33, 'British Indian Ocean Territory', 'Diego Garcia', 'https://flagcdn.com/w320/io.png', 'Africa'),
(35, 'Virgin Islands (British)', 'Road Town', 'https://flagcdn.com/w320/vg.png', 'Americas'),
(36, 'Virgin Islands (U.S.)', 'Charlotte Amalie', 'https://flagcdn.com/w320/vi.png', 'Americas'),
(37, 'Brunei Darussalam', 'Bandar Seri Begawan', 'https://flagcdn.com/w320/bn.png', 'Asia'),
(38, 'Bulgaria', 'Sofia', 'https://flagcdn.com/w320/bg.png', 'Europe'),
(39, 'Burkina Faso', 'Ouagadougou', 'https://flagcdn.com/w320/bf.png', 'Africa'),
(40, 'Burundi', 'Gitega', 'https://flagcdn.com/w320/bi.png', 'Africa'),
(41, 'Cambodia', 'Phnom Penh', 'https://flagcdn.com/w320/kh.png', 'Asia'),
(42, 'Cameroon', 'Yaoundé', 'https://flagcdn.com/w320/cm.png', 'Africa'),
(43, 'Canada', 'Ottawa', 'https://flagcdn.com/w320/ca.png', 'Americas'),
(44, 'Cabo Verde', 'Praia', 'https://flagcdn.com/w320/cv.png', 'Africa'),
(45, 'Cayman Islands', 'George Town', 'https://flagcdn.com/w320/ky.png', 'Americas'),
(46, 'Central African Republic', 'Bangui', 'https://flagcdn.com/w320/cf.png', 'Africa'),
(47, 'Chad', 'N\'Djamena', 'https://flagcdn.com/w320/td.png', 'Africa'),
(48, 'Chile', 'Santiago', 'https://flagcdn.com/w320/cl.png', 'Americas'),
(49, 'China', 'Beijing', 'https://flagcdn.com/w320/cn.png', 'Asia'),
(50, 'Christmas Island', 'Flying Fish Cove', 'https://flagcdn.com/w320/cx.png', 'Oceania'),
(51, 'Cocos (Keeling) Islands', 'West Island', 'https://flagcdn.com/w320/cc.png', 'Oceania'),
(52, 'Colombia', 'Bogotá', 'https://flagcdn.com/w320/co.png', 'Americas'),
(53, 'Comoros', 'Moroni', 'https://flagcdn.com/w320/km.png', 'Africa'),
(54, 'Congo', 'Brazzaville', 'https://flagcdn.com/w320/cg.png', 'Africa'),
(55, 'Congo (Democratic Republic of the)', 'Kinshasa', 'https://flagcdn.com/w320/cd.png', 'Africa'),
(56, 'Cook Islands', 'Avarua', 'https://flagcdn.com/w320/ck.png', 'Oceania'),
(57, 'Costa Rica', 'San José', 'https://flagcdn.com/w320/cr.png', 'Americas'),
(58, 'Croatia', 'Zagreb', 'https://flagcdn.com/w320/hr.png', 'Europe'),
(59, 'Cuba', 'Havana', 'https://flagcdn.com/w320/cu.png', 'Americas'),
(60, 'Curaçao', 'Willemstad', 'https://flagcdn.com/w320/cw.png', 'Americas'),
(61, 'Cyprus', 'Nicosia', 'https://flagcdn.com/w320/cy.png', 'Europe'),
(62, 'Czech Republic', 'Prague', 'https://flagcdn.com/w320/cz.png', 'Europe'),
(63, 'Denmark', 'Copenhagen', 'https://flagcdn.com/w320/dk.png', 'Europe'),
(64, 'Djibouti', 'Djibouti', 'https://flagcdn.com/w320/dj.png', 'Africa'),
(65, 'Dominica', 'Roseau', 'https://flagcdn.com/w320/dm.png', 'Americas'),
(66, 'Dominican Republic', 'Santo Domingo', 'https://flagcdn.com/w320/do.png', 'Americas'),
(67, 'Ecuador', 'Quito', 'https://flagcdn.com/w320/ec.png', 'Americas'),
(68, 'Egypt', 'Cairo', 'https://flagcdn.com/w320/eg.png', 'Africa'),
(69, 'El Salvador', 'San Salvador', 'https://flagcdn.com/w320/sv.png', 'Americas'),
(70, 'Equatorial Guinea', 'Malabo', 'https://flagcdn.com/w320/gq.png', 'Africa'),
(71, 'Eritrea', 'Asmara', 'https://flagcdn.com/w320/er.png', 'Africa'),
(72, 'Estonia', 'Tallinn', 'https://flagcdn.com/w320/ee.png', 'Europe'),
(73, 'Ethiopia', 'Addis Ababa', 'https://flagcdn.com/w320/et.png', 'Africa'),
(74, 'Falkland Islands (Malvinas)', 'Stanley', 'https://flagcdn.com/w320/fk.png', 'Americas'),
(75, 'Faroe Islands', 'Tórshavn', 'https://flagcdn.com/w320/fo.png', 'Europe'),
(76, 'Fiji', 'Suva', 'https://flagcdn.com/w320/fj.png', 'Oceania'),
(77, 'Finland', 'Helsinki', 'https://flagcdn.com/w320/fi.png', 'Europe'),
(78, 'France', 'Paris', 'https://flagcdn.com/w320/fr.png', 'Europe'),
(79, 'French Guiana', 'Cayenne', 'https://flagcdn.com/w320/gf.png', 'Americas'),
(80, 'French Polynesia', 'Papeetē', 'https://flagcdn.com/w320/pf.png', 'Oceania'),
(81, 'French Southern Territories', 'Port-aux-Français', 'https://flagcdn.com/w320/tf.png', 'Africa'),
(82, 'Gabon', 'Libreville', 'https://flagcdn.com/w320/ga.png', 'Africa'),
(83, 'Gambia', 'Banjul', 'https://flagcdn.com/w320/gm.png', 'Africa'),
(84, 'Georgia', 'Tbilisi', 'https://flagcdn.com/w320/ge.png', 'Asia'),
(85, 'Germany', 'Berlin', 'https://flagcdn.com/w320/de.png', 'Europe'),
(86, 'Ghana', 'Accra', 'https://flagcdn.com/w320/gh.png', 'Africa'),
(87, 'Gibraltar', 'Gibraltar', 'https://flagcdn.com/w320/gi.png', 'Europe'),
(88, 'Greece', 'Athens', 'https://flagcdn.com/w320/gr.png', 'Europe'),
(89, 'Greenland', 'Nuuk', 'https://flagcdn.com/w320/gl.png', 'Americas'),
(90, 'Grenada', 'St. George\'s', 'https://flagcdn.com/w320/gd.png', 'Americas'),
(91, 'Guadeloupe', 'Basse-Terre', 'https://flagcdn.com/w320/gp.png', 'Americas'),
(92, 'Guam', 'Hagåtña', 'https://flagcdn.com/w320/gu.png', 'Oceania'),
(93, 'Guatemala', 'Guatemala City', 'https://flagcdn.com/w320/gt.png', 'Americas'),
(94, 'Guernsey', 'St. Peter Port', 'https://flagcdn.com/w320/gg.png', 'Europe'),
(95, 'Guinea', 'Conakry', 'https://flagcdn.com/w320/gn.png', 'Africa'),
(96, 'Guinea-Bissau', 'Bissau', 'https://flagcdn.com/w320/gw.png', 'Africa'),
(97, 'Guyana', 'Georgetown', 'https://flagcdn.com/w320/gy.png', 'Americas'),
(98, 'Haiti', 'Port-au-Prince', 'https://flagcdn.com/w320/ht.png', 'Americas'),
(100, 'Vatican City', 'Vatican City', 'https://flagcdn.com/w320/va.png', 'Europe'),
(101, 'Honduras', 'Tegucigalpa', 'https://flagcdn.com/w320/hn.png', 'Americas'),
(102, 'Hungary', 'Budapest', 'https://flagcdn.com/w320/hu.png', 'Europe'),
(103, 'Hong Kong', 'City of Victoria', 'https://flagcdn.com/w320/hk.png', 'Asia'),
(104, 'Iceland', 'Reykjavík', 'https://flagcdn.com/w320/is.png', 'Europe'),
(105, 'India', 'New Delhi', 'https://flagcdn.com/w320/in.png', 'Asia'),
(106, 'Indonesia', 'Jakarta', 'https://flagcdn.com/w320/id.png', 'Asia'),
(107, 'Ivory Coast', 'Yamoussoukro', 'https://flagcdn.com/w320/ci.png', 'Africa'),
(108, 'Iran (Islamic Republic of)', 'Tehran', 'https://flagcdn.com/w320/ir.png', 'Asia'),
(109, 'Iraq', 'Baghdad', 'https://flagcdn.com/w320/iq.png', 'Asia'),
(110, 'Ireland', 'Dublin', 'https://flagcdn.com/w320/ie.png', 'Europe'),
(111, 'Isle of Man', 'Douglas', 'https://flagcdn.com/w320/im.png', 'Europe'),
(112, 'Israel', 'Jerusalem', 'https://flagcdn.com/w320/il.png', 'Asia'),
(113, 'Italy', 'Rome', 'https://flagcdn.com/w320/it.png', 'Europe'),
(114, 'Jamaica', 'Kingston', 'https://flagcdn.com/w320/jm.png', 'Americas'),
(115, 'Japan', 'Tokyo', 'https://flagcdn.com/w320/jp.png', 'Asia'),
(116, 'Jersey', 'Saint Helier', 'https://flagcdn.com/w320/je.png', 'Europe'),
(117, 'Jordan', 'Amman', 'https://flagcdn.com/w320/jo.png', 'Asia'),
(118, 'Kazakhstan', 'Nur-Sultan', 'https://flagcdn.com/w320/kz.png', 'Asia'),
(119, 'Kenya', 'Nairobi', 'https://flagcdn.com/w320/ke.png', 'Africa'),
(120, 'Kiribati', 'South Tarawa', 'https://flagcdn.com/w320/ki.png', 'Oceania'),
(121, 'Kuwait', 'Kuwait City', 'https://flagcdn.com/w320/kw.png', 'Asia'),
(122, 'Kyrgyzstan', 'Bishkek', 'https://flagcdn.com/w320/kg.png', 'Asia'),
(123, 'Lao People\'s Democratic Republic', 'Vientiane', 'https://flagcdn.com/w320/la.png', 'Asia'),
(124, 'Latvia', 'Riga', 'https://flagcdn.com/w320/lv.png', 'Europe'),
(125, 'Lebanon', 'Beirut', 'https://flagcdn.com/w320/lb.png', 'Asia'),
(126, 'Lesotho', 'Maseru', 'https://flagcdn.com/w320/ls.png', 'Africa'),
(127, 'Liberia', 'Monrovia', 'https://flagcdn.com/w320/lr.png', 'Africa'),
(128, 'Libya', 'Tripoli', 'https://flagcdn.com/w320/ly.png', 'Africa'),
(129, 'Liechtenstein', 'Vaduz', 'https://flagcdn.com/w320/li.png', 'Europe'),
(130, 'Lithuania', 'Vilnius', 'https://flagcdn.com/w320/lt.png', 'Europe'),
(131, 'Luxembourg', 'Luxembourg', 'https://flagcdn.com/w320/lu.png', 'Europe'),
(133, 'North Macedonia', 'Skopje', 'https://flagcdn.com/w320/mk.png', 'Europe'),
(134, 'Madagascar', 'Antananarivo', 'https://flagcdn.com/w320/mg.png', 'Africa'),
(135, 'Malawi', 'Lilongwe', 'https://flagcdn.com/w320/mw.png', 'Africa'),
(136, 'Malaysia', 'Kuala Lumpur', 'https://flagcdn.com/w320/my.png', 'Asia'),
(137, 'Maldives', 'Malé', 'https://flagcdn.com/w320/mv.png', 'Asia'),
(138, 'Mali', 'Bamako', 'https://flagcdn.com/w320/ml.png', 'Africa'),
(139, 'Malta', 'Valletta', 'https://flagcdn.com/w320/mt.png', 'Europe'),
(140, 'Marshall Islands', 'Majuro', 'https://flagcdn.com/w320/mh.png', 'Oceania'),
(141, 'Martinique', 'Fort-de-France', 'https://flagcdn.com/w320/mq.png', 'Americas'),
(142, 'Mauritania', 'Nouakchott', 'https://flagcdn.com/w320/mr.png', 'Africa'),
(143, 'Mauritius', 'Port Louis', 'https://flagcdn.com/w320/mu.png', 'Africa'),
(144, 'Mayotte', 'Mamoudzou', 'https://flagcdn.com/w320/yt.png', 'Africa'),
(145, 'Mexico', 'Mexico City', 'https://flagcdn.com/w320/mx.png', 'Americas'),
(146, 'Micronesia (Federated States of)', 'Palikir', 'https://flagcdn.com/w320/fm.png', 'Oceania'),
(147, 'Moldova (Republic of)', 'Chișinău', 'https://flagcdn.com/w320/md.png', 'Europe'),
(148, 'Monaco', 'Monaco', 'https://flagcdn.com/w320/mc.png', 'Europe'),
(149, 'Mongolia', 'Ulan Bator', 'https://flagcdn.com/w320/mn.png', 'Asia'),
(150, 'Montenegro', 'Podgorica', 'https://flagcdn.com/w320/me.png', 'Europe'),
(151, 'Montserrat', 'Plymouth', 'https://flagcdn.com/w320/ms.png', 'Americas'),
(152, 'Morocco', 'Rabat', 'https://flagcdn.com/w320/ma.png', 'Africa'),
(153, 'Mozambique', 'Maputo', 'https://flagcdn.com/w320/mz.png', 'Africa'),
(154, 'Myanmar', 'Naypyidaw', 'https://flagcdn.com/w320/mm.png', 'Asia'),
(155, 'Namibia', 'Windhoek', 'https://flagcdn.com/w320/na.png', 'Africa'),
(156, 'Nauru', 'Yaren', 'https://flagcdn.com/w320/nr.png', 'Oceania'),
(157, 'Nepal', 'Kathmandu', 'https://flagcdn.com/w320/np.png', 'Asia'),
(158, 'Netherlands', 'Amsterdam', 'https://flagcdn.com/w320/nl.png', 'Europe'),
(159, 'New Caledonia', 'Nouméa', 'https://flagcdn.com/w320/nc.png', 'Oceania'),
(160, 'New Zealand', 'Wellington', 'https://flagcdn.com/w320/nz.png', 'Oceania'),
(161, 'Nicaragua', 'Managua', 'https://flagcdn.com/w320/ni.png', 'Americas'),
(162, 'Niger', 'Niamey', 'https://flagcdn.com/w320/ne.png', 'Africa'),
(163, 'Nigeria', 'Abuja', 'https://flagcdn.com/w320/ng.png', 'Africa'),
(164, 'Niue', 'Alofi', 'https://flagcdn.com/w320/nu.png', 'Oceania'),
(165, 'Norfolk Island', 'Kingston', 'https://flagcdn.com/w320/nf.png', 'Oceania'),
(166, 'Korea (Democratic People\'s Republic of)', 'Pyongyang', 'https://flagcdn.com/w320/kp.png', 'Asia'),
(167, 'Northern Mariana Islands', 'Saipan', 'https://flagcdn.com/w320/mp.png', 'Oceania'),
(168, 'Norway', 'Oslo', 'https://flagcdn.com/w320/no.png', 'Europe'),
(169, 'Oman', 'Muscat', 'https://flagcdn.com/w320/om.png', 'Asia'),
(170, 'Pakistan', 'Islamabad', 'https://flagcdn.com/w320/pk.png', 'Asia'),
(171, 'Palau', 'Ngerulmud', 'https://flagcdn.com/w320/pw.png', 'Oceania'),
(172, 'Palestine, State of', 'Ramallah', 'https://flagcdn.com/w320/ps.png', 'Asia'),
(173, 'Panama', 'Panama City', 'https://flagcdn.com/w320/pa.png', 'Americas'),
(174, 'Papua New Guinea', 'Port Moresby', 'https://flagcdn.com/w320/pg.png', 'Oceania'),
(175, 'Paraguay', 'Asunción', 'https://flagcdn.com/w320/py.png', 'Americas'),
(176, 'Peru', 'Lima', 'https://flagcdn.com/w320/pe.png', 'Americas'),
(177, 'Philippines', 'Manila', 'https://flagcdn.com/w320/ph.png', 'Asia'),
(178, 'Pitcairn', 'Adamstown', 'https://flagcdn.com/w320/pn.png', 'Oceania'),
(179, 'Poland', 'Warsaw', 'https://flagcdn.com/w320/pl.png', 'Europe'),
(180, 'Portugal', 'Lisbon', 'https://flagcdn.com/w320/pt.png', 'Europe'),
(181, 'Puerto Rico', 'San Juan', 'https://flagcdn.com/w320/pr.png', 'Americas'),
(182, 'Qatar', 'Doha', 'https://flagcdn.com/w320/qa.png', 'Asia'),
(183, 'Republic of Kosovo', 'Pristina', 'https://flagcdn.com/w320/xk.png', 'Europe'),
(184, 'Réunion', 'Saint-Denis', 'https://flagcdn.com/w320/re.png', 'Africa'),
(185, 'Romania', 'Bucharest', 'https://flagcdn.com/w320/ro.png', 'Europe'),
(186, 'Russian Federation', 'Moscow', 'https://flagcdn.com/w320/ru.png', 'Europe'),
(187, 'Rwanda', 'Kigali', 'https://flagcdn.com/w320/rw.png', 'Africa'),
(188, 'Saint Barthélemy', 'Gustavia', 'https://flagcdn.com/w320/bl.png', 'Americas'),
(189, 'Saint Helena, Ascension and Tristan da Cunha', 'Jamestown', 'https://flagcdn.com/w320/sh.png', 'Africa'),
(190, 'Saint Kitts and Nevis', 'Basseterre', 'https://flagcdn.com/w320/kn.png', 'Americas'),
(191, 'Saint Lucia', 'Castries', 'https://flagcdn.com/w320/lc.png', 'Americas'),
(192, 'Saint Martin (French part)', 'Marigot', 'https://flagcdn.com/w320/mf.png', 'Americas'),
(193, 'Saint Pierre and Miquelon', 'Saint-Pierre', 'https://flagcdn.com/w320/pm.png', 'Americas'),
(194, 'Saint Vincent and the Grenadines', 'Kingstown', 'https://flagcdn.com/w320/vc.png', 'Americas'),
(195, 'Samoa', 'Apia', 'https://flagcdn.com/w320/ws.png', 'Oceania'),
(196, 'San Marino', 'City of San Marino', 'https://flagcdn.com/w320/sm.png', 'Europe'),
(197, 'Sao Tome and Principe', 'São Tomé', 'https://flagcdn.com/w320/st.png', 'Africa'),
(198, 'Saudi Arabia', 'Riyadh', 'https://flagcdn.com/w320/sa.png', 'Asia'),
(199, 'Senegal', 'Dakar', 'https://flagcdn.com/w320/sn.png', 'Africa'),
(200, 'Serbia', 'Belgrade', 'https://flagcdn.com/w320/rs.png', 'Europe'),
(201, 'Seychelles', 'Victoria', 'https://flagcdn.com/w320/sc.png', 'Africa'),
(202, 'Sierra Leone', 'Freetown', 'https://flagcdn.com/w320/sl.png', 'Africa'),
(203, 'Singapore', 'Singapore', 'https://flagcdn.com/w320/sg.png', 'Asia'),
(204, 'Sint Maarten (Dutch part)', 'Philipsburg', 'https://flagcdn.com/w320/sx.png', 'Americas'),
(205, 'Slovakia', 'Bratislava', 'https://flagcdn.com/w320/sk.png', 'Europe'),
(206, 'Slovenia', 'Ljubljana', 'https://flagcdn.com/w320/si.png', 'Europe'),
(207, 'Solomon Islands', 'Honiara', 'https://flagcdn.com/w320/sb.png', 'Oceania'),
(208, 'Somalia', 'Mogadishu', 'https://flagcdn.com/w320/so.png', 'Africa'),
(209, 'South Africa', 'Pretoria', 'https://flagcdn.com/w320/za.png', 'Africa'),
(210, 'South Georgia and the South Sandwich Islands', 'King Edward Point', 'https://flagcdn.com/w320/gs.png', 'Americas'),
(211, 'Korea (Republic of)', 'Seoul', 'https://flagcdn.com/w320/kr.png', 'Asia'),
(212, 'Spain', 'Madrid', 'https://flagcdn.com/w320/es.png', 'Europe'),
(213, 'Sri Lanka', 'Sri Jayawardenepura Kotte', 'https://flagcdn.com/w320/lk.png', 'Asia'),
(214, 'Sudan', 'Khartoum', 'https://flagcdn.com/w320/sd.png', 'Africa'),
(215, 'South Sudan', 'Juba', 'https://flagcdn.com/w320/ss.png', 'Africa'),
(216, 'Suriname', 'Paramaribo', 'https://flagcdn.com/w320/sr.png', 'Americas'),
(217, 'Svalbard and Jan Mayen', 'Longyearbyen', 'https://flagcdn.com/w320/sj.png', 'Europe'),
(218, 'Swaziland', 'Mbabane', 'https://flagcdn.com/w320/sz.png', 'Africa'),
(219, 'Sweden', 'Stockholm', 'https://flagcdn.com/w320/se.png', 'Europe'),
(220, 'Switzerland', 'Bern', 'https://flagcdn.com/w320/ch.png', 'Europe'),
(221, 'Syrian Arab Republic', 'Damascus', 'https://flagcdn.com/w320/sy.png', 'Asia'),
(222, 'Taiwan', 'Taipei', 'https://flagcdn.com/w320/tw.png', 'Asia'),
(223, 'Tajikistan', 'Dushanbe', 'https://flagcdn.com/w320/tj.png', 'Asia'),
(224, 'Tanzania, United Republic of', 'Dodoma', 'https://flagcdn.com/w320/tz.png', 'Africa'),
(225, 'Thailand', 'Bangkok', 'https://flagcdn.com/w320/th.png', 'Asia'),
(226, 'Timor-Leste', 'Dili', 'https://flagcdn.com/w320/tl.png', 'Asia'),
(227, 'Togo', 'Lomé', 'https://flagcdn.com/w320/tg.png', 'Africa'),
(228, 'Tokelau', 'Fakaofo', 'https://flagcdn.com/w320/tk.png', 'Oceania'),
(229, 'Tonga', 'Nuku\'alofa', 'https://flagcdn.com/w320/to.png', 'Oceania'),
(230, 'Trinidad and Tobago', 'Port of Spain', 'https://flagcdn.com/w320/tt.png', 'Americas'),
(231, 'Tunisia', 'Tunis', 'https://flagcdn.com/w320/tn.png', 'Africa'),
(232, 'Turkey', 'Ankara', 'https://flagcdn.com/w320/tr.png', 'Asia'),
(233, 'Turkmenistan', 'Ashgabat', 'https://flagcdn.com/w320/tm.png', 'Asia'),
(234, 'Turks and Caicos Islands', 'Cockburn Town', 'https://flagcdn.com/w320/tc.png', 'Americas'),
(235, 'Tuvalu', 'Funafuti', 'https://flagcdn.com/w320/tv.png', 'Oceania'),
(236, 'Uganda', 'Kampala', 'https://flagcdn.com/w320/ug.png', 'Africa'),
(237, 'Ukraine', 'Kyiv', 'https://flagcdn.com/w320/ua.png', 'Europe'),
(238, 'United Arab Emirates', 'Abu Dhabi', 'https://flagcdn.com/w320/ae.png', 'Asia'),
(239, 'United Kingdom of Great Britain and Northern Ireland', 'London', 'https://flagcdn.com/w320/gb.png', 'Europe'),
(240, 'United States of America', 'Washington, D.C.', 'https://flagcdn.com/w320/us.png', 'Americas'),
(241, 'Uruguay', 'Montevideo', 'https://flagcdn.com/w320/uy.png', 'Americas'),
(242, 'Uzbekistan', 'Tashkent', 'https://flagcdn.com/w320/uz.png', 'Asia'),
(243, 'Vanuatu', 'Port Vila', 'https://flagcdn.com/w320/vu.png', 'Oceania'),
(244, 'Venezuela (Bolivarian Republic of)', 'Caracas', 'https://flagcdn.com/w320/ve.png', 'Americas'),
(245, 'Vietnam', 'Hanoi', 'https://flagcdn.com/w320/vn.png', 'Asia'),
(246, 'Wallis and Futuna', 'Mata-Utu', 'https://flagcdn.com/w320/wf.png', 'Oceania'),
(247, 'Western Sahara', 'El Aaiún', 'https://flagcdn.com/w320/eh.png', 'Africa'),
(248, 'Yemen', 'Sana\'a', 'https://flagcdn.com/w320/ye.png', 'Asia'),
(249, 'Zambia', 'Lusaka', 'https://flagcdn.com/w320/zm.png', 'Africa'),
(250, 'Zimbabwe', 'Harare', 'https://flagcdn.com/w320/zw.png', 'Africa');

-- --------------------------------------------------------

--
-- Struktura tabele `quiz`
--

CREATE TABLE `quiz` (
  `quiz_id` int(10) NOT NULL,
  `username` varchar(20) NOT NULL,
  `result` int(3) NOT NULL,
  `time` timestamp NOT NULL DEFAULT current_timestamp()
) ENGINE=InnoDB DEFAULT CHARSET=utf8mb4 COLLATE=utf8mb4_general_ci;

--
-- Odloži podatke za tabelo `quiz`
--

INSERT INTO `quiz` (`quiz_id`, `username`, `result`, `time`) VALUES
(7, 'test3', 0, '2024-01-07 12:05:47'),
(8, 'test3', 5, '2024-01-07 12:05:51'),
(14, 'test1', 12, '2024-06-21 08:47:07'),
(15, 'test2', 12, '2024-06-21 10:02:48'),
(16, 'test2', 12, '2024-06-22 17:02:02'),
(17, 'test1', 1, '2024-06-22 18:15:19'),
(18, 'test1', 1, '2024-06-22 18:16:39'),
(19, 'test1', 1, '2024-06-22 18:17:35'),
(20, 'test1', 1, '2024-06-22 18:17:55'),
(21, 'test2', 11, '2024-06-22 18:19:43'),
(23, 'test2', 2, '2024-06-22 18:21:28'),
(24, 'test1', 5, '2024-06-22 18:22:48'),
(25, 'test1', 4, '2024-06-22 18:23:19'),
(26, 'test1', 2, '2024-06-22 18:23:41'),
(27, 'test1', 5, '2024-06-22 18:24:32'),
(28, 'test1', 3, '2024-06-22 18:26:41'),
(29, 'test2', 12, '2024-06-23 11:34:35'),
(30, 'test1', 8, '2024-06-23 15:23:30'),
(31, 'test1', 6, '2024-06-23 15:24:29'),
(32, 'test1', 9, '2024-06-23 15:25:36'),
(33, 'test1', 3, '2024-06-23 15:27:50'),
(34, 'test1', 8, '2024-06-23 15:40:06'),
(35, 'test1', 5, '2024-06-23 15:49:02'),
(36, 'test1', 3, '2024-06-23 15:52:58'),
(37, 'test1', 4, '2024-06-23 15:58:52'),
(38, 'test1', 5, '2024-06-23 16:00:29'),
(39, 'test1', 4, '2024-06-23 16:25:22'),
(40, 'test1', 7, '2024-06-23 16:47:40'),
(41, 'test1', 3, '2024-06-23 17:10:46'),
(42, 'test1', 8, '2024-06-23 17:43:52'),
(43, 'test1', 6, '2024-06-23 17:46:51'),
(44, 'test1', 1, '2024-06-23 17:48:37'),
(45, 'test1', 5, '2024-06-23 17:50:00'),
(46, 'test1', 7, '2024-06-23 17:51:17'),
(47, 'test1', 3, '2024-06-23 17:53:30'),
(48, 'test1', 2, '2024-06-23 17:56:11'),
(49, 'test1', 11, '2024-06-23 17:57:16'),
(50, 'test1', 1, '2024-06-23 17:58:12'),
(51, 'test1', 6, '2024-06-23 17:59:44'),
(52, 'test1', 6, '2024-06-23 18:00:43'),
(53, 'test1', 7, '2024-06-23 18:01:12'),
(54, 'test1', 7, '2024-06-23 18:02:06'),
(55, 'test1', 3, '2024-06-23 18:02:43'),
(56, 'test1', 4, '2024-06-23 18:03:48'),
(57, 'test1', 7, '2024-06-23 18:04:19'),
(58, 'test1', 2, '2024-06-23 18:04:42'),
(59, 'test1', 4, '2024-06-23 18:36:56'),
(60, 'test1', 6, '2024-06-23 18:37:32'),
(61, 'test1', 2, '2024-06-23 18:41:38'),
(62, 'test1', 8, '2024-06-23 18:42:26'),
(63, 'test1', 3, '2024-06-23 18:43:34'),
(64, 'test1', 6, '2024-06-23 18:44:11'),
(65, 'test1', 6, '2024-06-23 18:44:54'),
(66, 'test1', 7, '2024-06-23 18:45:18'),
(67, 'test1', 2, '2024-06-23 18:49:17'),
(68, 'test1', 0, '2024-06-23 18:50:02'),
(69, 'test1', 2, '2024-06-23 18:50:34'),
(70, 'test1', 12, '2024-06-23 21:16:23'),
(71, 'test1', 9, '2024-06-23 21:18:10'),
(72, 'test1', 11, '2024-06-23 21:22:29'),
(73, 'test1', 4, '2024-06-24 10:16:48'),
(74, 'test1', 5, '2024-06-24 10:20:48'),
(75, 'test1', 5, '2024-06-24 10:21:10'),
(76, 'test1', 7, '2024-06-24 12:26:22'),
(77, 'test1', 7, '2024-06-24 12:27:24'),
(78, 'test1', 3, '2024-06-24 12:37:17'),
(79, 'test1', 2, '2024-06-24 12:38:36'),
(80, 'test1', 5, '2024-06-24 12:39:44'),
(81, 'test1', 2, '2024-06-24 12:40:15'),
(82, 'test1', 7, '2024-06-24 12:40:53'),
(83, 'test1', 6, '2024-06-24 12:41:49'),
(84, 'test1', 5, '2024-06-24 12:42:11'),
(85, 'test1', 3, '2024-06-24 12:43:10'),
(86, 'test1', 8, '2024-06-24 12:44:19'),
(87, 'test1', 11, '2024-06-24 16:14:44'),
(88, 'test1', 8, '2024-06-30 07:12:32'),
(89, 'test1', 4, '2024-06-30 07:15:57'),
(90, 'test1', 4, '2024-06-30 07:16:53'),
(91, 'test1', 4, '2024-06-30 07:17:55'),
(96, 'test1', 4, '2024-06-30 14:04:46'),
(97, 'test1', 4, '2024-06-30 14:06:25'),
(98, 'test1', 5, '2024-06-30 14:07:42'),
(99, 'test1', 3, '2024-06-30 14:10:29'),
(100, 'test1', 2, '2024-06-30 14:12:23'),
(101, 'test1', 4, '2024-06-30 14:16:05'),
(102, 'test1', 10, '2024-06-30 14:17:11'),
(103, 'test1', 5, '2024-06-30 14:20:00'),
(104, 'test1', 5, '2024-06-30 14:21:40'),
(105, 'test1', 4, '2024-06-30 14:25:30'),
(106, 'test1', 3, '2024-06-30 14:27:51'),
(107, 'hi', 4, '2024-07-06 21:27:38'),
(108, 'hi', 6, '2024-07-06 21:28:47'),
(109, 'hi', 1, '2024-07-07 11:53:37'),
(110, 'fff', 9, '2024-07-07 11:54:51'),
(111, 'fff', 5, '2024-07-07 11:55:36'),
(112, 'fff', 3, '2024-07-07 11:57:38'),
(113, 'fff', 5, '2024-07-07 12:01:06'),
(114, 'fff', 2, '2024-07-07 12:03:06'),
(115, 'fff', 5, '2024-07-07 12:05:48'),
(116, 'fff', 3, '2024-07-07 12:06:24'),
(117, 'fff', 4, '2024-07-07 12:07:21'),
(118, 'fff', 4, '2024-07-07 12:10:39'),
(119, 'fff', 5, '2024-07-07 12:11:14'),
(120, 'fff', 2, '2024-07-07 12:11:39'),
(121, 'fff', 5, '2024-07-07 12:12:02'),
(122, 'fff', 6, '2024-07-07 12:13:03'),
(123, 'fff', 3, '2024-07-07 12:13:33'),
(124, 'fff', 2, '2024-07-07 12:14:39'),
(125, 'fff', 4, '2024-07-07 12:15:07'),
(126, 'fff', 2, '2024-07-07 12:15:35'),
(127, 'hi', 4, '2024-07-07 12:23:13'),
(128, 'hi', 3, '2024-07-07 12:26:45'),
(129, 'hi', 7, '2024-07-07 12:28:45'),
(130, 'hi', 5, '2024-07-07 12:30:46'),
(131, 'hi', 4, '2024-07-07 12:31:19'),
(132, 'hi', 3, '2024-07-07 12:32:41'),
(133, 'hi', 1, '2024-07-07 12:33:08'),
(134, 'hi', 5, '2024-07-07 12:38:49'),
(135, 'hi', 5, '2024-07-07 12:40:42'),
(136, 'hi', 5, '2024-07-07 12:46:05'),
(137, 'hi', 4, '2024-07-07 12:48:00'),
(138, 'hi', 2, '2024-07-07 12:48:35'),
(139, 'hi', 6, '2024-07-07 12:49:12'),
(140, 'hi', 5, '2024-07-07 12:50:38'),
(141, 'hi', 5, '2024-07-07 12:51:01'),
(142, 'hi', 2, '2024-07-07 12:52:32'),
(143, 'hi', 7, '2024-07-07 12:52:54'),
(144, 'hi', 5, '2024-07-07 13:13:34'),
(145, 'hi', 6, '2024-07-07 16:11:01'),
(146, 'hi', 9, '2024-07-07 16:11:47'),
(147, 'hi', 4, '2024-07-07 16:12:25'),
(148, 'hi', 1, '2024-07-07 16:12:49'),
(149, 'hi', 6, '2024-07-07 16:14:22'),
(150, 'hi', 3, '2024-07-07 16:15:03'),
(151, 'hi', 3, '2024-07-07 16:15:24'),
(152, 'hi', 5, '2024-07-07 16:16:03'),
(153, 'hi', 4, '2024-07-07 16:16:22'),
(154, 'hi', 2, '2024-07-07 16:17:00'),
(155, 'hi', 3, '2024-07-07 16:20:09'),
(156, 'hi', 5, '2024-07-07 16:20:27'),
(157, 'lewis', 3, '2024-07-07 16:22:47'),
(158, 'lewis', 1, '2024-07-07 16:23:05'),
(159, 'lewis', 5, '2024-07-07 16:23:35'),
(160, 'lewis', 1, '2024-07-07 16:24:05'),
(161, 'lewis', 2, '2024-07-07 16:25:56'),
(162, 'lewis', 8, '2024-07-07 16:26:14'),
(163, 'fff', 3, '2024-07-07 16:27:19'),
(164, 'fff', 4, '2024-07-07 16:27:42'),
(165, 'test1', 6, '2024-07-07 16:28:41'),
(166, 'test1', 6, '2024-07-07 16:29:01'),
(167, 'fff', 3, '2024-07-07 16:30:41'),
(168, 'fff', 2, '2024-07-07 16:31:18'),
(169, 'fff', 2, '2024-07-07 16:37:06'),
(170, 'fff', 6, '2024-07-07 16:41:35'),
(171, 'fff', 3, '2024-07-07 16:42:03'),
(172, 'fff', 3, '2024-07-07 16:42:42'),
(173, 'fff', 8, '2024-07-07 16:44:25'),
(174, 'fff', 3, '2024-07-07 16:45:21'),
(175, 'fff', 2, '2024-07-07 16:45:38'),
(176, 'hi', 3, '2024-07-07 16:47:04'),
(177, 'hi', 2, '2024-07-07 16:47:35'),
(178, 'hi', 4, '2024-07-07 16:57:07'),
(179, 'hi', 6, '2024-07-07 17:05:05'),
(180, 'lewis', 8, '2024-07-07 17:08:55'),
(181, 'lewis', 3, '2024-07-07 17:11:32'),
(182, 'fff', 3, '2024-07-07 17:15:28'),
(183, 'hi', 2, '2024-07-07 17:16:25'),
(185, 'hi', 7, '2024-07-07 17:32:50'),
(186, 'hi', 5, '2024-07-07 17:33:35'),
(192, 'hi', 3, '2024-07-07 17:50:26'),
(193, 'hi', 4, '2024-07-07 17:51:12'),
(194, 'test1', 2, '2024-07-07 17:52:09'),
(196, 'fff', 5, '2024-07-07 17:59:02'),
(197, 'fff', 2, '2024-07-07 17:59:39'),
(198, 'fff', 6, '2024-07-07 18:33:12'),
(199, 'fff', 5, '2024-07-07 18:34:18'),
(200, 'fff', 8, '2024-07-07 18:34:36'),
(201, 'fff', 4, '2024-07-07 18:36:16'),
(202, 'fff', 6, '2024-07-07 18:36:36'),
(203, 'fff', 4, '2024-07-07 18:37:10'),
(204, 'fff', 5, '2024-07-07 18:37:27'),
(205, 'jure', 3, '2024-07-07 18:38:29'),
(206, 'jure', 4, '2024-07-07 18:38:49'),
(207, 'jure', 3, '2024-07-07 18:39:24'),
(208, 'jure', 3, '2024-07-07 18:39:41'),
(209, 'jure', 4, '2024-07-07 18:45:38'),
(210, 'jure', 5, '2024-07-07 18:45:56'),
(211, 'jure', 7, '2024-07-07 18:51:48'),
(212, 'jure', 1, '2024-07-07 18:52:03'),
(213, 'jure', 5, '2024-07-07 18:55:36'),
(214, 'jure', 4, '2024-07-07 18:55:53'),
(215, 'fff', 5, '2024-07-07 18:56:35'),
(216, 'fff', 2, '2024-07-07 19:05:15'),
(217, 'fff', 6, '2024-07-07 19:06:31'),
(218, 'fff', 2, '2024-07-07 19:07:04'),
(219, 'hi', 4, '2024-07-07 19:10:09'),
(220, 'hi', 7, '2024-07-07 19:10:34'),
(221, 'hi', 2, '2024-07-07 19:11:04'),
(222, 'hi', 3, '2024-07-07 19:11:19'),
(223, 'hi', 6, '2024-07-07 19:12:39'),
(224, 'test1', 6, '2024-07-07 19:13:36'),
(225, 'test1', 3, '2024-07-07 19:14:11'),
(226, 'test1', 2, '2024-07-07 19:14:57'),
(227, 'test1', 7, '2024-07-07 19:18:34'),
(228, 'test1', 9, '2024-07-07 19:19:07'),
(229, 'test1', 2, '2024-07-07 19:19:24'),
(230, 'test1', 6, '2024-07-07 19:21:12'),
(231, 'test1', 5, '2024-07-07 19:27:19'),
(232, 'test1', 5, '2024-07-07 19:27:45'),
(233, 'test1', 6, '2024-07-07 19:53:28'),
(234, 'fff', 2, '2024-07-07 19:53:53'),
(235, 'test1', 7, '2024-07-07 19:55:10'),
(236, 'test1', 6, '2024-07-07 19:55:33'),
(237, 'test1', 3, '2024-07-07 19:57:59'),
(238, 'test1', 4, '2024-07-07 19:59:50'),
(239, 'test1', 5, '2024-07-07 20:00:06'),
(240, 'test1', 4, '2024-07-07 20:00:23'),
(241, 'test1', 2, '2024-07-07 20:01:53'),
(242, 'test1', 2, '2024-07-07 20:02:38'),
(243, 'gregorg', 2, '2024-07-07 20:04:16'),
(244, 'gregorg', 4, '2024-07-07 20:04:38'),
(245, 'sss', 2, '2024-07-07 20:07:39'),
(246, 'sss', 5, '2024-07-07 20:07:56'),
(247, 'sss', 5, '2024-07-07 20:11:40'),
(248, 'sss', 4, '2024-07-07 20:11:57'),
(249, 'test1', 3, '2024-07-07 20:24:10'),
(251, 'test1', 4, '2024-07-07 20:32:43'),
(252, 'test1', 5, '2024-07-07 20:33:00'),
(253, 'fff', 5, '2024-07-07 20:38:27'),
(254, 'fff', 2, '2024-07-07 20:38:42'),
(255, 'fff', 5, '2024-07-07 20:40:33'),
(256, 'fff', 6, '2024-07-07 20:40:48'),
(257, 'fff', 9, '2024-07-07 20:43:46'),
(263, 'fff', 2, '2024-07-07 20:49:37'),
(267, 'kim', 2, '2024-07-07 20:53:25'),
(268, 'kim', 4, '2024-07-07 20:53:40'),
(269, 'fff', 5, '2024-07-07 20:58:51'),
(270, 'fff', 7, '2024-07-07 20:59:19'),
(271, 'fff', 5, '2024-07-07 21:01:13'),
(272, 'fff', 2, '2024-07-07 21:01:29'),
(273, 'fff', 7, '2024-07-07 21:01:45'),
(274, 'fff', 4, '2024-07-07 21:02:07'),
(275, 'hi', 4, '2024-07-07 21:11:36'),
(276, 'hi', 5, '2024-07-08 17:25:41'),
(277, 'hi', 5, '2024-07-08 17:26:04'),
(278, 'hi', 4, '2024-07-08 17:26:25'),
(279, 'hi', 4, '2024-07-08 17:26:48'),
(280, 'fff', 3, '2024-07-08 17:27:54'),
(281, 'fff', 5, '2024-07-08 17:28:16'),
(282, 'hi', 1, '2024-07-08 17:30:13'),
(283, 'hi', 4, '2024-07-08 17:30:30'),
(284, 'jure', 6, '2024-07-08 17:32:40'),
(285, 'hi', 4, '2024-07-08 17:53:02'),
(286, 'hi', 3, '2024-07-08 17:53:19'),
(287, 'fff', 4, '2024-07-08 18:00:50'),
(288, 'domen', 9, '2024-07-08 18:15:42'),
(289, 'hi', 8, '2024-07-08 20:51:09'),
(290, 'fff', 2, '2024-07-08 20:59:00'),
(291, 'fff', 7, '2024-07-08 20:59:18'),
(292, 'fff', 4, '2024-07-08 20:59:51'),
(293, 'fff', 4, '2024-07-09 15:17:44'),
(294, 'fff', 3, '2024-07-09 15:18:03'),
(295, 'fff', 3, '2024-07-09 15:18:25'),
(296, 'fff', 6, '2024-07-09 15:18:49'),
(297, 'fff', 4, '2024-07-09 15:34:03'),
(298, 'fff', 2, '2024-07-09 15:39:14'),
(299, 'fff', 5, '2024-07-09 15:53:06'),
(300, 'miha', 2, '2024-07-09 16:03:53'),
(301, 'miha', 4, '2024-07-09 16:29:04'),
(302, 'miha', 2, '2024-07-09 17:00:01'),
(303, 'miha', 4, '2024-07-09 17:04:45'),
(304, 'miha', 4, '2024-07-09 17:05:04'),
(305, 'janez', 5, '2024-07-09 17:06:45'),
(306, 'luka', 1, '2024-07-09 17:07:46'),
(307, 'luka', 6, '2024-07-09 17:26:30');

-- --------------------------------------------------------

--
-- Struktura tabele `quiz_details`
--

CREATE TABLE `quiz_details` (
  `id` int(11) NOT NULL,
  `quiz_id` int(11) NOT NULL,
  `template_id` int(11) NOT NULL,
  `country_id` int(11) NOT NULL,
  `question` varchar(255) NOT NULL,
  `answer` varchar(255) NOT NULL,
  `correct` varchar(20) NOT NULL
) ENGINE=InnoDB DEFAULT CHARSET=utf8mb4 COLLATE=utf8mb4_general_ci;

--
-- Odloži podatke za tabelo `quiz_details`
--

INSERT INTO `quiz_details` (`id`, `quiz_id`, `template_id`, `country_id`, `question`, `answer`, `correct`) VALUES
(3517, 298, 1, 14, 'What is the capital city of Austria?', 'Sucre', 'no'),
(3518, 298, 1, 14, 'What is the capital city of Austria?', 'Tallinn', 'no'),
(3519, 298, 1, 7, 'What is the capital city of Angola?', 'Basse-Terre', 'no'),
(3520, 298, 1, 135, 'What is the capital city of Marshall Islands?', 'Kingstown', 'no'),
(3521, 298, 1, 167, 'What is the capital city of Palestine, State of?', 'Gibraltar', 'no'),
(3522, 298, 2, 191, 'What country\'s flag is this?', 'Tokelau', 'no'),
(3523, 298, 2, 196, 'What country\'s flag is this?', 'Timor-Leste', 'no'),
(3524, 298, 2, 100, 'What country\'s flag is this?', 'Antigua and Barbuda', 'no'),
(3525, 298, 2, 20, 'What country\'s flag is this?', 'Indonesia', 'no'),
(3526, 298, 2, 196, 'What country\'s flag is this?', 'Seychelles', 'yes'),
(3527, 298, 3, 66, 'What region does this country belong to: El Salvador', 'Europe', 'no'),
(3528, 298, 3, 57, 'What region does this country belong to: Curaçao', 'Europe', 'no'),
(3529, 298, 3, 229, 'What region does this country belong to: Turks and Caicos Islands', 'Asia', 'yes'),
(3530, 298, 3, 156, 'What region does this country belong to: Nicaragua', 'Europe', 'no'),
(3531, 298, 3, 35, 'What region does this country belong to: Bulgaria', 'Asia', 'no'),
(3532, 299, 1, 59, 'What is the capital city of Czech Republic?', 'Prague', 'yes'),
(3533, 299, 1, 43, 'What is the capital city of Central African Republic?', 'Bangui', 'yes'),
(3534, 299, 1, 238, 'What is the capital city of Vanuatu?', 'Banjul', 'no'),
(3535, 299, 1, 96, 'What is the capital city of Vatican City?', 'Apia', 'no'),
(3536, 299, 1, 103, 'What is the capital city of Ivory Coast?', 'Port Moresby', 'no'),
(3537, 299, 2, 101, 'What country\'s flag is this?', 'India', 'yes'),
(3538, 299, 2, 135, 'What country\'s flag is this?', 'Cyprus', 'no'),
(3539, 299, 2, 42, 'What country\'s flag is this?', 'Israel', 'no'),
(3540, 299, 2, 205, 'What country\'s flag is this?', 'South Georgia and the South Sandwich Islands', 'yes'),
(3541, 299, 2, 193, 'What country\'s flag is this?', 'Saudi Arabia', 'yes'),
(3542, 299, 3, 114, 'What region does this country belong to: Kazakhstan', 'Africa', 'no'),
(3543, 299, 3, 199, 'What region does this country belong to: Sint Maarten (Dutch part)', 'Asia', 'no'),
(3544, 299, 3, 75, 'What region does this country belong to: France', 'Asia', 'no'),
(3545, 299, 3, 217, 'What region does this country belong to: Taiwan', 'Oceania', 'no'),
(3546, 299, 3, 201, 'What region does this country belong to: Slovenia', 'Oceania', 'no'),
(3547, 300, 1, 195, 'What is the capital city of Serbia?', 'St. George\'s', 'no'),
(3548, 300, 1, 61, 'What is the capital city of Djibouti?', 'Dublin', 'no'),
(3549, 300, 1, 204, 'What is the capital city of South Africa?', 'Port Moresby', 'no'),
(3550, 300, 1, 193, 'What is the capital city of Saudi Arabia?', 'Port Moresby', 'no'),
(3551, 300, 1, 147, 'What is the capital city of Morocco?', 'Castries', 'no'),
(3552, 300, 2, 29, 'What country\'s flag is this?', 'Botswana', 'yes'),
(3553, 300, 2, 189, 'What country\'s flag is this?', 'Zimbabwe', 'no'),
(3554, 300, 2, 4, 'What country\'s flag is this?', 'Christmas Island', 'no'),
(3555, 300, 2, 61, 'What country\'s flag is this?', 'Palau', 'no'),
(3556, 300, 2, 173, 'What country\'s flag is this?', 'Pitcairn', 'yes'),
(3557, 300, 3, 228, 'What region does this country belong to: Turkmenistan', 'Africa', 'no'),
(3558, 300, 3, 94, 'What region does this country belong to: Guyana', 'Asia', 'no'),
(3559, 300, 3, 101, 'What region does this country belong to: India', 'Americas', 'no'),
(3560, 300, 3, 221, 'What region does this country belong to: Timor-Leste', 'Americas', 'no'),
(3561, 300, 3, 86, 'What region does this country belong to: Greenland', 'Asia', 'no'),
(3562, 301, 1, 206, 'What is the capital city of Korea (Republic of)?', 'Taipei', 'no'),
(3563, 301, 1, 52, 'What is the capital city of Congo (Democratic Republic of the)?', 'Palikir', 'no'),
(3564, 301, 1, 63, 'What is the capital city of Dominican Republic?', 'Santo Domingo', 'yes'),
(3565, 301, 1, 15, 'What is the capital city of Azerbaijan?', 'Baku', 'yes'),
(3566, 301, 1, 25, 'What is the capital city of Bhutan?', 'Islamabad', 'no'),
(3567, 301, 2, 137, 'What country\'s flag is this?', 'Kuwait', 'no'),
(3568, 301, 2, 61, 'What country\'s flag is this?', 'Uruguay', 'no'),
(3569, 301, 2, 51, 'What country\'s flag is this?', 'American Samoa', 'no'),
(3570, 301, 2, 84, 'What country\'s flag is this?', 'Latvia', 'no'),
(3571, 301, 2, 105, 'What country\'s flag is this?', 'Bangladesh', 'no'),
(3572, 301, 3, 69, 'What region does this country belong to: Estonia', 'Europe', 'yes'),
(3573, 301, 3, 139, 'What region does this country belong to: Mayotte', 'Americas', 'no'),
(3574, 301, 3, 155, 'What region does this country belong to: New Zealand', 'Africa', 'no'),
(3575, 301, 3, 155, 'What region does this country belong to: New Zealand', 'Oceania', 'yes'),
(3576, 301, 3, 142, 'What region does this country belong to: Moldova (Republic of)', 'Oceania', 'no'),
(3577, 302, 1, 100, 'What is the capital city of Iceland?', 'Bucharest', 'no'),
(3578, 302, 1, 205, 'What is the capital city of South Georgia and the South Sandwich Islands?', 'Kabul', 'no'),
(3579, 302, 1, 27, 'What is the capital city of Bonaire, Sint Eustatius and Saba?', 'Kuala Lumpur', 'no'),
(3580, 302, 1, 158, 'What is the capital city of Nigeria?', 'Sarajevo', 'no'),
(3581, 302, 1, 164, 'What is the capital city of Oman?', 'Muscat', 'yes'),
(3582, 302, 2, 159, 'What country\'s flag is this?', 'Niger', 'no'),
(3583, 302, 2, 210, 'What country\'s flag is this?', 'Djibouti', 'no'),
(3584, 302, 2, 188, 'What country\'s flag is this?', 'Australia', 'no'),
(3585, 302, 2, 194, 'What country\'s flag is this?', 'Senegal', 'yes'),
(3586, 302, 2, 215, 'What country\'s flag is this?', 'Brunei Darussalam', 'no'),
(3587, 302, 3, 51, 'What region does this country belong to: Congo', 'Americas', 'no'),
(3588, 302, 3, 241, 'What region does this country belong to: Wallis and Futuna', 'Europe', 'no'),
(3589, 302, 3, 216, 'What region does this country belong to: Syrian Arab Republic', 'Oceania', 'no'),
(3590, 302, 3, 194, 'What region does this country belong to: Senegal', 'Asia', 'no'),
(3591, 302, 3, 226, 'What region does this country belong to: Tunisia', 'Europe', 'no'),
(3607, 304, 1, 60, 'What is the capital city of Denmark?', 'Copenhagen', 'yes'),
(3608, 304, 1, 52, 'What is the capital city of Congo (Democratic Republic of the)?', 'Baku', 'no'),
(3609, 304, 1, 190, 'What is the capital city of Samoa?', 'Apia', 'yes'),
(3610, 304, 1, 61, 'What is the capital city of Djibouti?', 'Kralendijk', 'no'),
(3611, 304, 1, 91, 'What is the capital city of Guernsey?', 'Amman', 'no'),
(3612, 304, 2, 138, 'What country\'s flag is this?', 'South Sudan', 'no'),
(3613, 304, 2, 78, 'What country\'s flag is this?', 'Armenia', 'no'),
(3614, 304, 2, 104, 'What country\'s flag is this?', 'United Kingdom of Great Britain and Northern Ireland', 'no'),
(3615, 304, 2, 201, 'What country\'s flag is this?', 'Saudi Arabia', 'no'),
(3616, 304, 2, 172, 'What country\'s flag is this?', 'Philippines', 'yes'),
(3617, 304, 3, 196, 'What region does this country belong to: Seychelles', 'Oceania', 'no'),
(3618, 304, 3, 243, 'What region does this country belong to: Yemen', 'Africa', 'no'),
(3619, 304, 3, 147, 'What region does this country belong to: Morocco', 'Europe', 'yes'),
(3620, 304, 3, 181, 'What region does this country belong to: Russian Federation', 'Asia', 'no'),
(3621, 304, 3, 6, 'What region does this country belong to: Andorra', 'Americas', 'no'),
(3622, 305, 1, 67, 'What is the capital city of Equatorial Guinea?', 'Sucre', 'no'),
(3623, 305, 1, 97, 'What is the capital city of Honduras?', 'Madrid', 'no'),
(3624, 305, 1, 212, 'What is the capital city of Svalbard and Jan Mayen?', 'Longyearbyen', 'yes'),
(3625, 305, 1, 190, 'What is the capital city of Samoa?', 'Freetown', 'no'),
(3626, 305, 1, 138, 'What is the capital city of Mauritius?', 'Port Louis', 'yes'),
(3627, 305, 2, 80, 'What country\'s flag is this?', 'Nepal', 'no'),
(3628, 305, 2, 59, 'What country\'s flag is this?', 'Monaco', 'no'),
(3629, 305, 2, 139, 'What country\'s flag is this?', 'Myanmar', 'no'),
(3630, 305, 2, 102, 'What country\'s flag is this?', 'Tokelau', 'no'),
(3631, 305, 2, 161, 'What country\'s flag is this?', 'Korea (Democratic People\'s Republic of)', 'yes'),
(3632, 305, 3, 66, 'What region does this country belong to: El Salvador', 'Asia', 'no'),
(3633, 305, 3, 186, 'What region does this country belong to: Saint Lucia', 'Africa', 'no'),
(3634, 305, 3, 95, 'What region does this country belong to: Haiti', 'Oceania', 'yes'),
(3635, 305, 3, 91, 'What region does this country belong to: Guernsey', 'Americas', 'yes'),
(3636, 305, 3, 137, 'What region does this country belong to: Mauritania', 'Americas', 'no'),
(3637, 306, 1, 110, 'What is the capital city of Jamaica?', 'Cayenne', 'no'),
(3638, 306, 1, 243, 'What is the capital city of Yemen?', 'Kinshasa', 'no'),
(3639, 306, 1, 7, 'What is the capital city of Angola?', 'Islamabad', 'no'),
(3640, 306, 1, 194, 'What is the capital city of Senegal?', 'Dili', 'no'),
(3641, 306, 1, 76, 'What is the capital city of French Guiana?', 'Adamstown', 'no'),
(3642, 306, 2, 218, 'What country\'s flag is this?', 'Nauru', 'no'),
(3643, 306, 2, 60, 'What country\'s flag is this?', 'France', 'no'),
(3644, 306, 2, 88, 'What country\'s flag is this?', 'Uruguay', 'no'),
(3645, 306, 2, 87, 'What country\'s flag is this?', 'Singapore', 'no'),
(3646, 306, 2, 40, 'What country\'s flag is this?', 'Canada', 'yes'),
(3647, 306, 3, 218, 'What region does this country belong to: Tajikistan', 'Americas', 'no'),
(3648, 306, 3, 170, 'What region does this country belong to: Paraguay', 'Oceania', 'no'),
(3649, 306, 3, 155, 'What region does this country belong to: New Zealand', 'Asia', 'no'),
(3650, 306, 3, 42, 'What region does this country belong to: Cayman Islands', 'Asia', 'no'),
(3651, 306, 3, 70, 'What region does this country belong to: Ethiopia', 'Europe', 'no'),
(3652, 307, 1, 86, 'What is the capital city of Greenland?', 'Port of Spain', 'no'),
(3653, 307, 1, 69, 'What is the capital city of Estonia?', 'Tallinn', 'yes'),
(3654, 307, 1, 34, 'What is the capital city of Brunei Darussalam?', 'Saint-Denis', 'no'),
(3655, 307, 1, 6, 'What is the capital city of Andorra?', 'Andorra la Vella', 'yes'),
(3656, 307, 1, 210, 'What is the capital city of South Sudan?', 'Juba', 'yes'),
(3657, 307, 2, 181, 'What country\'s flag is this?', 'Russian Federation', 'yes'),
(3658, 307, 2, 55, 'What country\'s flag is this?', 'Mauritius', 'no'),
(3659, 307, 2, 96, 'What country\'s flag is this?', 'Vatican City', 'yes'),
(3660, 307, 2, 12, 'What country\'s flag is this?', 'Czech Republic', 'no'),
(3661, 307, 2, 218, 'What country\'s flag is this?', 'Lebanon', 'no'),
(3662, 307, 3, 237, 'What region does this country belong to: Uzbekistan', 'Europe', 'no'),
(3663, 307, 3, 95, 'What region does this country belong to: Haiti', 'Africa', 'no'),
(3664, 307, 3, 55, 'What region does this country belong to: Croatia', 'Africa', 'yes'),
(3665, 307, 3, 94, 'What region does this country belong to: Guyana', 'Oceania', 'no'),
(3666, 307, 3, 29, 'What region does this country belong to: Botswana', 'Asia', 'no');

-- --------------------------------------------------------

--
-- Struktura tabele `template`
--

CREATE TABLE `template` (
  `template_id` int(11) NOT NULL,
  `template` varchar(255) NOT NULL
) ENGINE=InnoDB DEFAULT CHARSET=utf8mb4 COLLATE=utf8mb4_general_ci;

--
-- Odloži podatke za tabelo `template`
--

INSERT INTO `template` (`template_id`, `template`) VALUES
(1, 'What is the capital city of'),
(2, 'What country\'s flag is this'),
(3, 'What region does this country belong to');

-- --------------------------------------------------------

--
-- Struktura tabele `user`
--

CREATE TABLE `user` (
  `username` varchar(20) NOT NULL,
  `email` varchar(20) NOT NULL,
  `password` varchar(255) NOT NULL,
  `registration_time` timestamp NOT NULL DEFAULT current_timestamp()
) ENGINE=InnoDB DEFAULT CHARSET=utf8mb4 COLLATE=utf8mb4_general_ci;

--
-- Odloži podatke za tabelo `user`
--

INSERT INTO `user` (`username`, `email`, `password`, `registration_time`) VALUES
('aaaa', 'aaa@gmail.com', '$2b$10$bgOUcjToWqefh', '2024-07-02 19:54:53'),
('admin', 'admin@example.com', '$2b$10$9ddzcCXm6EeLr', '2024-06-30 08:29:58'),
('bbbb', 'bbbb@gmail.com', '$2b$10$KGXEdqrgALshJHHAKWZ2T.FuJnpK85hcAUPhOP.69.Fbd45PQJuaK', '2024-07-08 18:25:48'),
('bla', 'bla@gmail.com', '$2b$10$M0rktK.7J78Y7hjl1Tte4.cZ5BDhEhInFk5sL6BDY9RWizxd7VxfC', '2024-07-08 18:24:35'),
('ccc', 'ccc@gmail.com', '$2b$10$WmXMi4LCNOKyGZrVgK8coeADPJCDjNVVuxvLUAjMG0AyGAPy3JuDS', '2024-07-06 18:54:01'),
('domen', 'domen@gmail.com', '$2b$10$0nNtKw5TNT3YFhLwZhQUy.Wrfp2HTQjwbbgtFtetpD5dytwlzWHW.', '2024-07-08 18:11:57'),
('fff', 'fff@gmail.com', '$2b$10$5hqAPZz.eLxuG6abEMDp3.pAPNuJVOiZL5c2nrGv6ezAYNSLmaeAa', '2024-07-06 18:57:03'),
('gdfgdgd', 'gdgdd@gmail.com', '$2b$10$ae6bAeDI1OdJDV3qVpM.Zu.eoV6SYyHm9HP97.FZCf.Ncja5z3Zfu', '2024-07-08 18:24:05'),
('gregor', 'gregor@example.com', '$2b$10$YkevSEBLnaeWe', '2024-06-30 08:33:30'),
('gregorg', 'gregorg@gmail.com', '$2b$10$l0U2Oq0/zUZkJKchZ4fNruGSKIKDj7tUSl0ejww3waJK3.TsXAATK', '2024-07-07 19:58:56'),
('grgrg', 'grgr@gmail.com', '$2b$10$qPn7T.JNFz4IV', '2024-07-02 19:35:48'),
('hehe', 'hehe@example.com', 'BDJwaUbq9l6kvaZS6a7M', '2024-06-30 08:21:23'),
('hhh', 'hhh@gmail.com', '$2b$10$SzsknA5/UVLlB0IqK7fK5.po6e8ArKvwWLmnbyF4zDxIkw5J2o9J2', '2024-07-08 18:22:59'),
('hi', 'nnnnnn@gmail.com', '$2b$10$9VePcyfrjwjx4bJbf17PROsa9fGxX.neokHj6GPzOCK68L2uxdpHm', '2024-07-06 18:21:29'),
('huh', 'huh@gmail.com', '$2b$10$S2JVyZ9WBx1kkzSDF1cdOe8YSy0lHp3OXExTdVpTNQ14rZ31F/WYG', '2024-07-08 18:26:27'),
('janez', 'janez@gmail.com', '$2b$10$Dw0H0bhzSRAOam/pnhrpJehPoTRqB1VN382zy3Nz3UzFz.Y3LpGvy', '2024-07-09 17:06:22'),
('jjj', 'jjj@gmail.com', '$2b$10$69KSt4mKuJNFRBfhkhj9TOimtWlb.ox42kPR/qLpxhg6S9ohqEEq6', '2024-07-07 20:06:02'),
('jugdgdlnij', 'julijggdgddf@example', '$2b$10$BPuR4Zc/fCiQS', '2024-07-02 18:58:21'),
('julij', 'julij@example.com', '$2b$10$1jknlFQ3ykKXf', '2024-07-02 18:47:45'),
('julnij', 'julijgdf@example.com', '$2b$10$XtqSaYRN1R2.W', '2024-07-02 18:55:44'),
('jure', 'jure@gmail.com', '$2b$10$rQN3DO.fYRzAJ7gddhj7XO5PQ7WkSGyTuUSQKQLm.igFxVokQiJe.', '2024-07-07 18:38:01'),
('kim', 'kim@gmail.com', '$2b$10$scTO5etsFCldjJ423k8sY.1OD9MSpn0Yn1fIAXCHG7Fs7hqE4NUE.', '2024-07-07 20:52:16'),
('lewis', 'lewis@gmail.com', '$2b$10$L7jEVx3UBXIwy3A3kPkCwu.PG9lKn.97eJRgq6.DYlUoqSS1GyLpm', '2024-07-07 13:10:28'),
('luka', 'luka@gmail.com', '$2b$10$LZTui63OJ6exinbn.9CfgODVmxJXVDpPaUYy6UMbccuG8jpjeZNkm', '2024-07-09 17:07:11'),
('medo', 'medo@gmail.com', '$2b$10$5/zkKwzGEruQT', '2024-07-02 20:05:26'),
('miha', 'miha@gmail.com', '$2b$10$7cnitnCIFZqwVQv9OTixhO.RUShX9yvZAuIlNVGrZ0xNJIzkrBUCq', '2024-07-09 16:03:33'),
('mmm', 'mmm@gmail.com', '$2b$10$QqCt4OXA8SaSc2hQ8bvBu.oTKRfCM6mOJd4JHkkf3V2bsmGiZEAyi', '2024-07-07 21:12:11'),
('nedelja', 'nedeljaa@gmail.com', '$2b$10$aYeJKPRyVCu0i', '2024-07-06 17:15:40'),
('nedelja222', 'nedeljaa@gmail.com', '$2b$10$wVfwcdRjhaU4C', '2024-07-06 17:19:03'),
('nnnnn', 'nnnnnn@gmail.com', '$2b$10$PZ9DNNzftw/pa437RTtor.qIs7LKYdGTehRHrIuvNvZnSn5iiDBs6', '2024-07-06 18:20:40'),
('ok', 'ok@gmail.com', '$2b$10$k1QUwgbvf27dCpQXj99OR.aumW419FNbw9aBIcDrwNceAWtOAAVsO', '2024-07-06 18:42:33'),
('sobota', 'sobota@gmail.com', '$2b$10$KBg7uF4fUS3ZY', '2024-07-06 17:10:51'),
('sss', 'sss@gmail.com', '$2b$10$R2BJpUp2P6f9bNonP1q8beGm878aju5bkQ3nk4Dtf1i7FcUEf09je', '2024-07-07 20:06:33'),
('test1', 'test11@gmail.com', '$2y$10$EwhuPZ4zCaO99', '2024-01-06 12:34:54'),
('test2', 'test2@gmail.com', 'test2', '2024-01-06 12:35:04'),
('test3', 'test3@gmail.com', 'test3', '2024-01-06 12:35:12'),
('test5', 'test555@gmail.com', '$2y$10$/c9QuhHfbTdmR', '2024-01-07 20:39:31'),
('test7', 'test7@gmail.com', '$2y$10$yMRAqxOk6.W64', '2024-01-08 11:48:54'),
('test8', 'test7@gmail.com', '$2y$10$tX33WR1bg..AY', '2024-01-08 11:49:12'),
('testuser', 'testuser@example.com', '96lPYIzJKXYBfMCFoU+H', '2024-06-30 08:23:48'),
('testuser33', 'testuser33@example.c', '$2b$10$/j9p3es84mISn', '2024-06-30 08:29:33'),
('tiki', 'tiki@gmail.com', '$2b$10$SC4IrxND.wtE8', '2024-07-02 20:24:32'),
('ttt', 'ttt@gmail.com', '$2b$10$aZCsgNnPHSJlzfUOOA52O.JJ.vXjJthD/x73vjWSJUbVJWrS7UzyO', '2024-07-08 18:17:30'),
('your_username', 'your_email@example.c', 'ZP8s1UwjJupepA+6i31o', '2024-06-30 08:20:16');

--
-- Indeksi zavrženih tabel
--

--
-- Indeksi tabele `country`
--
ALTER TABLE `country`
  ADD PRIMARY KEY (`country_id`);

--
-- Indeksi tabele `quiz`
--
ALTER TABLE `quiz`
  ADD PRIMARY KEY (`quiz_id`),
  ADD KEY `username` (`username`);

--
-- Indeksi tabele `quiz_details`
--
ALTER TABLE `quiz_details`
  ADD PRIMARY KEY (`id`),
  ADD KEY `quiz_id` (`quiz_id`),
  ADD KEY `template_id` (`template_id`),
  ADD KEY `coutnry_id` (`country_id`);

--
-- Indeksi tabele `template`
--
ALTER TABLE `template`
  ADD PRIMARY KEY (`template_id`);

--
-- Indeksi tabele `user`
--
ALTER TABLE `user`
  ADD PRIMARY KEY (`username`);

--
-- AUTO_INCREMENT zavrženih tabel
--

--
-- AUTO_INCREMENT tabele `country`
--
ALTER TABLE `country`
  MODIFY `country_id` int(11) NOT NULL AUTO_INCREMENT, AUTO_INCREMENT=246;

--
-- AUTO_INCREMENT tabele `quiz`
--
ALTER TABLE `quiz`
  MODIFY `quiz_id` int(10) NOT NULL AUTO_INCREMENT, AUTO_INCREMENT=308;

--
-- AUTO_INCREMENT tabele `quiz_details`
--
ALTER TABLE `quiz_details`
  MODIFY `id` int(11) NOT NULL AUTO_INCREMENT, AUTO_INCREMENT=3667;

--
-- AUTO_INCREMENT tabele `template`
--
ALTER TABLE `template`
  MODIFY `template_id` int(11) NOT NULL AUTO_INCREMENT, AUTO_INCREMENT=4;

--
-- Omejitve tabel za povzetek stanja
--

--
-- Omejitve za tabelo `quiz`
--
ALTER TABLE `quiz`
  ADD CONSTRAINT `quiz_ibfk_1` FOREIGN KEY (`username`) REFERENCES `user` (`username`);

--
-- Omejitve za tabelo `quiz_details`
--
ALTER TABLE `quiz_details`
  ADD CONSTRAINT `quiz_details_ibfk_1` FOREIGN KEY (`template_id`) REFERENCES `template` (`template_id`),
  ADD CONSTRAINT `quiz_details_ibfk_2` FOREIGN KEY (`quiz_id`) REFERENCES `quiz` (`quiz_id`),
  ADD CONSTRAINT `quiz_details_ibfk_3` FOREIGN KEY (`country_id`) REFERENCES `country` (`country_id`);
COMMIT;

/*!40101 SET CHARACTER_SET_CLIENT=@OLD_CHARACTER_SET_CLIENT */;
/*!40101 SET CHARACTER_SET_RESULTS=@OLD_CHARACTER_SET_RESULTS */;
/*!40101 SET COLLATION_CONNECTION=@OLD_COLLATION_CONNECTION */;
